,resultid,race_id,driverid,constructorid,number,grid,position,positiontext,positionorder,points,laps,time,milliseconds,fastestlap,rank,fastestlaptime,fastestlapspeed,statusid,driver_forename,driver_surname,name_constructor
25840,25846,1098,830,9,1,1,1,1,1,25,57,1:33:56.736,5636736,44,6,1:36.236,202.452,1,Max,Verstappen,Red Bull
25841,25847,1098,815,9,11,2,2,2,2,18,57,+11.987,5648723,37,7,1:36.344,202.225,1,Sergio,Pérez,Red Bull
25842,25848,1098,4,117,14,5,3,3,3,15,57,+38.637,5675373,36,5,1:36.156,202.620,1,Fernando,Alonso,Aston Martin
25843,25849,1098,832,6,55,4,4,4,4,12,57,+48.052,5684788,37,14,1:37.130,200.588,1,Carlos,Sainz,Ferrari
25844,25850,1098,1,131,44,7,5,5,5,10,57,+50.977,5687713,36,10,1:36.546,201.802,1,Lewis,Hamilton,Mercedes
25845,25851,1098,840,117,18,8,6,6,6,8,57,+54.502,5691238,32,9,1:36.546,201.802,1,Lance,Stroll,Aston Martin
25846,25852,1098,847,131,63,6,7,7,7,6,57,+55.873,5692609,33,17,1:37.221,200.401,1,George,Russell,Mercedes
25847,25853,1098,822,51,77,12,8,8,8,4,57,+1:12.647,5709383,31,18,1:37.379,200.075,1,Valtteri,Bottas,Alfa Romeo
25848,25854,1098,842,214,10,20,9,9,9,2,57,+1:13.753,5710489,42,2,1:35.068,204.939,1,Pierre,Gasly,Alpine F1 Team
25849,25855,1098,848,3,23,15,10,10,10,1,57,+1:29.774,5726510,43,15,1:37.144,200.559,1,Alexander,Albon,Williams
25850,25856,1098,852,213,22,14,11,11,11,0,57,+1:30.870,5727606,42,12,1:36.637,201.612,1,Yuki,Tsunoda,AlphaTauri
25851,25857,1098,858,3,2,16,12,12,12,0,56,\N,\N,42,4,1:36.037,202.871,11,Logan,Sargeant,Williams
25852,25858,1098,825,210,20,17,13,13,13,0,56,\N,\N,42,8,1:36.471,201.959,11,Kevin,Magnussen,Haas F1 Team
25853,25859,1098,856,213,21,19,14,14,14,0,56,\N,\N,30,19,1:37.709,199.400,11,Nyck,de Vries,AlphaTauri
25854,25860,1098,807,210,27,10,15,15,15,0,56,\N,\N,42,11,1:36.616,201.656,11,Nico,Hülkenberg,Haas F1 Team
25855,25861,1098,855,51,24,13,16,16,16,0,56,\N,\N,56,1,1:33.996,207.276,11,Guanyu,Zhou,Alfa Romeo
25856,25862,1098,846,1,4,11,17,17,17,0,55,\N,\N,51,3,1:35.822,203.327,12,Lando,Norris,McLaren
25857,25863,1098,839,214,31,9,\N,R,18,0,41,\N,\N,34,13,1:36.797,201.278,26,Esteban,Ocon,Alpine F1 Team
25858,25864,1098,844,6,16,3,\N,R,19,0,39,\N,\N,37,16,1:37.170,200.506,5,Charles,Leclerc,Ferrari
25859,25865,1098,857,1,81,18,\N,R,20,0,13,\N,\N,3,20,1:40.691,193.494,10,Oscar,Piastri,McLaren
25860,25866,1099,815,9,11,1,1,1,1,25,50,1:21:14.894,4874894,38,2,1:32.188,241.098,1,Sergio,Pérez,Red Bull
25861,25867,1099,830,9,1,15,2,2,2,19,50,+5.355,4880249,50,1,1:31.906,241.838,1,Max,Verstappen,Red Bull
25862,25868,1099,4,117,14,2,3,3,3,15,50,+20.728,4895622,50,3,1:32.240,240.962,1,Fernando,Alonso,Aston Martin
25863,25869,1099,847,131,63,3,4,4,4,12,50,+25.866,4900760,50,4,1:32.433,240.459,1,George,Russell,Mercedes
25864,25870,1099,1,131,44,7,5,5,5,10,50,+31.065,4905959,47,6,1:32.941,239.145,1,Lewis,Hamilton,Mercedes
25865,25871,1099,832,6,55,4,6,6,6,8,50,+35.876,4910770,50,5,1:32.822,239.451,1,Carlos,Sainz,Ferrari
25866,25872,1099,844,6,16,12,7,7,7,6,50,+43.162,4918056,47,7,1:33.056,238.849,1,Charles,Leclerc,Ferrari
25867,25873,1099,839,214,31,6,8,8,8,4,50,+52.832,4927726,49,8,1:33.222,238.424,1,Esteban,Ocon,Alpine F1 Team
25868,25874,1099,842,214,10,9,9,9,9,2,50,+54.747,4929641,50,10,1:33.392,237.990,1,Pierre,Gasly,Alpine F1 Team
25869,25875,1099,825,210,20,13,10,10,10,1,50,+1:04.826,4939720,44,9,1:33.374,238.036,1,Kevin,Magnussen,Haas F1 Team
25870,25876,1099,852,213,22,16,11,11,11,0,50,+1:07.494,4942388,50,14,1:33.931,236.624,1,Yuki,Tsunoda,AlphaTauri
25871,25877,1099,807,210,27,10,12,12,12,0,50,+1:10.588,4945482,50,12,1:33.780,237.005,1,Nico,Hülkenberg,Haas F1 Team
25872,25878,1099,855,51,24,11,13,13,13,0,50,+1:16.060,4950954,49,13,1:33.894,236.718,1,Guanyu,Zhou,Alfa Romeo
25873,25879,1099,856,213,21,18,14,14,14,0,50,+1:17.478,4952372,49,11,1:33.609,237.438,1,Nyck,de Vries,AlphaTauri
25874,25880,1099,857,1,81,8,15,15,15,0,50,+1:25.021,4959915,48,16,1:34.287,235.731,1,Oscar,Piastri,McLaren
25875,25881,1099,858,3,2,20,16,16,16,0,50,+1:26.293,4961187,49,18,1:34.469,235.277,1,Logan,Sargeant,Williams
25876,25882,1099,846,1,4,19,17,17,17,0,50,+1:26.445,4961339,49,15,1:34.122,236.144,1,Lando,Norris,McLaren
25877,25883,1099,822,51,77,14,18,18,18,0,49,\N,\N,37,17,1:34.384,235.489,11,Valtteri,Bottas,Alfa Romeo
25878,25884,1099,848,3,23,17,\N,R,19,0,27,\N,\N,24,20,1:35.567,232.574,23,Alexander,Albon,Williams
25879,25885,1099,840,117,18,5,\N,R,20,0,16,\N,\N,7,19,1:35.140,233.617,5,Lance,Stroll,Aston Martin
25880,25886,1100,830,9,1,1,1,1,1,25,58,2:32:38.371,9158371,49,2,1:20.342,236.498,1,Max,Verstappen,Red Bull
25881,25887,1100,1,131,44,3,2,2,2,18,58,+0.179,9158550,49,5,1:20.613,235.703,1,Lewis,Hamilton,Mercedes
25882,25888,1100,4,117,14,4,3,3,3,15,58,+0.769,9159140,53,4,1:20.476,236.105,1,Fernando,Alonso,Aston Martin
25883,25889,1100,840,117,18,6,4,4,4,12,58,+3.082,9161453,50,6,1:20.934,234.769,1,Lance,Stroll,Aston Martin
25884,25890,1100,815,9,11,0,5,5,5,11,58,+3.320,9161691,53,1,1:20.235,236.814,1,Sergio,Pérez,Red Bull
25885,25891,1100,846,1,4,13,6,6,6,8,58,+3.701,9162072,46,9,1:21.173,234.077,1,Lando,Norris,McLaren
25886,25892,1100,807,210,27,10,7,7,7,6,58,+4.939,9163310,46,8,1:21.124,234.219,1,Nico,Hülkenberg,Haas F1 Team
25887,25893,1100,857,1,81,16,8,8,8,4,58,+5.382,9163753,53,12,1:21.335,233.611,1,Oscar,Piastri,McLaren
25888,25894,1100,855,51,24,17,9,9,9,2,58,+5.713,9164084,48,16,1:21.819,232.229,1,Guanyu,Zhou,Alfa Romeo
25889,25895,1100,852,213,22,12,10,10,10,1,58,+6.052,9164423,52,15,1:21.789,232.314,1,Yuki,Tsunoda,AlphaTauri
25890,25896,1100,822,51,77,0,11,11,11,0,58,+6.513,9164884,46,17,1:22.233,231.060,1,Valtteri,Bottas,Alfa Romeo
25891,25897,1100,832,6,55,5,12,12,12,0,58,+6.594,9164965,53,3,1:20.467,236.131,1,Carlos,Sainz,Ferrari
25892,25898,1100,842,214,10,9,13,13,13,0,56,\N,\N,47,7,1:20.995,234.592,4,Pierre,Gasly,Alpine F1 Team
25893,25899,1100,839,214,31,11,14,14,14,0,56,\N,\N,44,11,1:21.203,233.991,4,Esteban,Ocon,Alpine F1 Team
25894,25900,1100,856,213,21,15,15,15,15,0,56,\N,\N,50,10,1:21.183,234.049,4,Nyck,de Vries,AlphaTauri
25895,25901,1100,858,3,2,18,16,16,16,0,56,\N,\N,50,13,1:21.456,233.264,4,Logan,Sargeant,Williams
25896,25902,1100,825,210,20,14,17,17,17,0,52,\N,\N,52,14,1:21.685,232.610,3,Kevin,Magnussen,Haas F1 Team
25897,25903,1100,847,131,63,2,\N,R,18,0,17,\N,\N,16,18,1:22.680,229.811,5,George,Russell,Mercedes
25898,25904,1100,848,3,23,8,\N,R,19,0,6,\N,\N,6,19,1:23.349,227.966,3,Alexander,Albon,Williams
25899,25905,1100,844,6,16,7,\N,R,20,0,0,\N,\N,\N,0,\N,\N,4,Charles,Leclerc,Ferrari
25900,25906,1101,815,9,11,3,1,1,1,25,51,1:32:42.436,5562436,50,5,1:44.589,206.625,1,Sergio,Pérez,Red Bull
25901,25907,1101,830,9,1,2,2,2,2,18,51,+2.137,5564573,51,2,1:44.232,207.333,1,Max,Verstappen,Red Bull
25902,25908,1101,844,6,16,1,3,3,3,15,51,+21.217,5583653,49,4,1:44.561,206.681,1,Charles,Leclerc,Ferrari
25903,25909,1101,4,117,14,6,4,4,4,12,51,+22.024,5584460,49,3,1:44.241,207.315,1,Fernando,Alonso,Aston Martin
25904,25910,1101,832,6,55,4,5,5,5,10,51,+45.491,5607927,48,6,1:45.175,205.474,1,Carlos,Sainz,Ferrari
25905,25911,1101,1,131,44,5,6,6,6,8,51,+46.145,5608581,48,7,1:45.346,205.141,1,Lewis,Hamilton,Mercedes
25906,25912,1101,840,117,18,9,7,7,7,6,51,+51.617,5614053,45,9,1:45.627,204.595,1,Lance,Stroll,Aston Martin
25907,25913,1101,847,131,63,11,8,8,8,5,51,+1:14.240,5636676,51,1,1:43.370,209.062,1,George,Russell,Mercedes
25908,25914,1101,846,1,4,7,9,9,9,2,51,+1:20.376,5642812,49,12,1:45.738,204.380,1,Lando,Norris,McLaren
25909,25915,1101,852,213,22,8,10,10,10,1,51,+1:23.862,5646298,51,11,1:45.727,204.401,1,Yuki,Tsunoda,AlphaTauri
25910,25916,1101,857,1,81,10,11,11,11,0,51,+1:26.501,5648937,51,10,1:45.631,204.587,1,Oscar,Piastri,McLaren
25911,25917,1101,848,3,23,12,12,12,12,0,51,+1:28.623,5651059,51,15,1:45.925,204.019,1,Alexander,Albon,Williams
25912,25918,1101,825,210,20,16,13,13,13,0,51,+1:29.729,5652165,51,13,1:45.850,204.164,1,Kevin,Magnussen,Haas F1 Team
25913,25919,1101,842,214,10,17,14,14,14,0,51,+1:31.332,5653768,47,8,1:45.540,204.764,1,Pierre,Gasly,Alpine F1 Team
25914,25920,1101,839,214,31,0,15,15,15,0,51,+1:37.794,5660230,49,14,1:45.908,204.052,1,Esteban,Ocon,Alpine F1 Team
25915,25921,1101,858,3,2,14,16,16,16,0,51,+1:40.943,5663379,49,17,1:46.501,202.916,1,Logan,Sargeant,Williams
25916,25922,1101,807,210,27,0,17,17,17,0,50,\N,\N,34,18,1:46.731,202.479,11,Nico,Hülkenberg,Haas F1 Team
25917,25923,1101,822,51,77,13,18,18,18,0,50,\N,\N,36,16,1:46.304,203.292,11,Valtteri,Bottas,Alfa Romeo
25918,25924,1101,855,51,24,15,\N,R,19,0,36,\N,\N,31,19,1:47.553,200.931,25,Guanyu,Zhou,Alfa Romeo
25919,25925,1101,856,213,21,18,\N,R,20,0,9,\N,\N,4,20,1:48.781,198.663,3,Nyck,de Vries,AlphaTauri
25920,25926,1102,830,9,1,9,1,1,1,26,57,1:27:38.241,5258241,56,1,1:29.708,217.184,1,Max,Verstappen,Red Bull
25921,25927,1102,815,9,11,1,2,2,2,18,57,+5.384,5263625,57,3,1:30.560,215.141,1,Sergio,Pérez,Red Bull
25922,25928,1102,4,117,14,2,3,3,3,15,57,+26.305,5284546,57,2,1:30.519,215.238,1,Fernando,Alonso,Aston Martin
25923,25929,1102,847,131,63,6,4,4,4,12,57,+33.229,5291470,57,7,1:31.015,214.065,1,George,Russell,Mercedes
25924,25930,1102,832,6,55,3,5,5,5,10,57,+42.511,5300752,55,10,1:31.362,213.252,1,Carlos,Sainz,Ferrari
25925,25931,1102,1,131,44,13,6,6,6,8,57,+51.249,5309490,57,4,1:30.669,214.882,1,Lewis,Hamilton,Mercedes
25926,25932,1102,844,6,16,7,7,7,7,6,57,+52.988,5311229,57,11,1:31.434,213.084,1,Charles,Leclerc,Ferrari
25927,25933,1102,842,214,10,5,8,8,8,4,57,+55.670,5313911,55,17,1:31.971,211.840,1,Pierre,Gasly,Alpine F1 Team
25928,25934,1102,839,214,31,8,9,9,9,2,57,+58.123,5316364,56,9,1:31.143,213.765,1,Esteban,Ocon,Alpine F1 Team
25929,25935,1102,825,210,20,4,10,10,10,1,57,+1:02.945,5321186,53,13,1:31.691,212.487,1,Kevin,Magnussen,Haas F1 Team
25930,25936,1102,852,213,22,17,11,11,11,0,57,+1:04.309,5322550,56,8,1:31.038,214.011,1,Yuki,Tsunoda,AlphaTauri
25931,25937,1102,840,117,18,18,12,12,12,0,57,+1:04.754,5322995,44,5,1:30.862,214.426,1,Lance,Stroll,Aston Martin
25932,25938,1102,822,51,77,10,13,13,13,0,57,+1:11.637,5329878,56,15,1:31.838,212.147,1,Valtteri,Bottas,Alfa Romeo
25933,25939,1102,848,3,23,11,14,14,14,0,57,+1:12.861,5331102,55,16,1:31.852,212.115,1,Alexander,Albon,Williams
25934,25940,1102,807,210,27,12,15,15,15,0,57,+1:14.950,5333191,36,6,1:30.901,214.334,1,Nico,Hülkenberg,Haas F1 Team
25935,25941,1102,855,51,24,14,16,16,16,0,57,+1:18.440,5336681,56,14,1:31.736,212.383,1,Guanyu,Zhou,Alfa Romeo
25936,25942,1102,846,1,4,16,17,17,17,0,57,+1:27.717,5345958,47,20,1:32.401,210.854,1,Lando,Norris,McLaren
25937,25943,1102,856,213,21,15,18,18,18,0,57,+1:28.949,5347190,57,12,1:31.562,212.786,1,Nyck,de Vries,AlphaTauri
25938,25944,1102,857,1,81,19,19,19,19,0,56,\N,\N,56,18,1:32.006,211.760,11,Oscar,Piastri,McLaren
25939,25945,1102,858,3,2,20,20,20,20,0,56,\N,\N,50,19,1:32.384,210.893,11,Logan,Sargeant,Williams
25940,25946,1104,830,9,1,1,1,1,1,25,78,1:48:51.980,6531980,23,7,1:16.604,156.822,1,Max,Verstappen,Red Bull
25941,25947,1104,4,117,14,2,2,2,2,18,78,+27.921,6559901,43,9,1:16.674,156.678,1,Fernando,Alonso,Aston Martin
25942,25948,1104,839,214,31,3,3,3,3,15,78,+36.990,6568970,41,6,1:16.528,156.977,1,Esteban,Ocon,Alpine F1 Team
25943,25949,1104,1,131,44,5,4,4,4,13,78,+39.062,6571042,33,1,1:15.650,158.799,1,Lewis,Hamilton,Mercedes
25944,25950,1104,847,131,63,8,5,5,5,10,78,+56.284,6588264,48,10,1:16.798,156.425,1,George,Russell,Mercedes
25945,25951,1104,844,6,16,6,6,6,6,8,78,+1:01.890,6593870,46,2,1:15.773,158.541,1,Charles,Leclerc,Ferrari
25946,25952,1104,842,214,10,7,7,7,7,6,78,+1:02.362,6594342,49,3,1:15.831,158.420,1,Pierre,Gasly,Alpine F1 Team
25947,25953,1104,832,6,55,4,8,8,8,4,78,+1:03.391,6595371,43,5,1:16.449,157.140,1,Carlos,Sainz,Ferrari
25948,25954,1104,846,1,4,10,9,9,9,2,77,\N,\N,46,19,1:17.844,154.324,11,Lando,Norris,McLaren
25949,25955,1104,857,1,81,11,10,10,10,1,77,\N,\N,47,14,1:17.513,154.983,11,Oscar,Piastri,McLaren
25950,25956,1104,822,51,77,15,11,11,11,0,77,\N,\N,19,18,1:17.824,154.363,11,Valtteri,Bottas,Alfa Romeo
25951,25957,1104,856,213,21,12,12,12,12,0,77,\N,\N,43,15,1:17.561,154.887,11,Nyck,de Vries,AlphaTauri
25952,25958,1104,855,51,24,19,13,13,13,0,77,\N,\N,5,11,1:16.926,156.165,11,Guanyu,Zhou,Alfa Romeo
25953,25959,1104,848,3,23,13,14,14,14,0,77,\N,\N,24,8,1:16.672,156.683,11,Alexander,Albon,Williams
25954,25960,1104,852,213,22,9,15,15,15,0,76,\N,\N,36,16,1:17.680,154.649,12,Yuki,Tsunoda,AlphaTauri
25955,25961,1104,815,9,11,20,16,16,16,0,76,\N,\N,5,4,1:16.269,157.510,12,Sergio,Pérez,Red Bull
25956,25962,1104,807,210,27,18,17,17,17,0,76,\N,\N,6,12,1:16.991,156.033,12,Nico,Hülkenberg,Haas F1 Team
25957,25963,1104,858,3,2,16,18,18,18,0,76,\N,\N,32,13,1:17.302,155.406,12,Logan,Sargeant,Williams
25958,25964,1104,825,210,20,17,\N,R,19,0,70,\N,\N,41,20,1:18.351,153.325,130,Kevin,Magnussen,Haas F1 Team
25959,25965,1104,840,117,18,14,\N,R,20,0,53,\N,\N,18,17,1:17.769,154.472,3,Lance,Stroll,Aston Martin
25960,25966,1105,830,9,1,1,1,1,1,26,66,1:27:57.940,5277940,61,1,1:16.330,219.641,1,Max,Verstappen,Red Bull
25961,25967,1105,1,131,44,4,2,2,2,18,66,+24.090,5302030,62,3,1:16.676,218.649,1,Lewis,Hamilton,Mercedes
25962,25968,1105,847,131,63,12,3,3,3,15,66,+32.389,5310329,48,5,1:17.875,215.283,1,George,Russell,Mercedes
25963,25969,1105,815,9,11,11,4,4,4,12,66,+35.812,5313752,52,2,1:16.666,218.678,1,Sergio,Pérez,Red Bull
25964,25970,1105,832,6,55,2,5,5,5,10,66,+45.698,5323638,60,11,1:18.403,213.833,1,Carlos,Sainz,Ferrari
25965,25971,1105,840,117,18,5,6,6,6,8,66,+1:03.320,5341260,56,14,1:18.722,212.967,1,Lance,Stroll,Aston Martin
25966,25972,1105,4,117,14,8,7,7,7,6,66,+1:04.127,5342067,49,7,1:18.083,214.709,1,Fernando,Alonso,Aston Martin
25967,25973,1105,839,214,31,6,8,8,8,4,66,+1:09.242,5347182,54,18,1:18.946,212.362,1,Esteban,Ocon,Alpine F1 Team
25968,25974,1105,855,51,24,13,9,9,9,2,66,+1:11.878,5349818,38,15,1:18.753,212.883,1,Guanyu,Zhou,Alfa Romeo
25969,25975,1105,842,214,10,10,10,10,10,1,66,+1:13.530,5351470,41,10,1:18.375,213.910,1,Pierre,Gasly,Alpine F1 Team
25970,25976,1105,844,6,16,19,11,11,11,0,66,+1:14.419,5352359,52,9,1:18.357,213.959,1,Charles,Leclerc,Ferrari
25971,25977,1105,852,213,22,15,12,12,12,0,66,+1:15.416,5353356,59,17,1:18.904,212.475,1,Yuki,Tsunoda,AlphaTauri
25972,25978,1105,857,1,81,9,13,13,13,0,65,\N,\N,41,13,1:18.679,213.083,11,Oscar,Piastri,McLaren
25973,25979,1105,856,213,21,14,14,14,14,0,65,\N,\N,41,12,1:18.594,213.313,11,Nyck,de Vries,AlphaTauri
25974,25980,1105,807,210,27,7,15,15,15,0,65,\N,\N,53,16,1:18.776,212.821,11,Nico,Hülkenberg,Haas F1 Team
25975,25981,1105,848,3,23,18,16,16,16,0,65,\N,\N,59,19,1:19.133,211.861,11,Alexander,Albon,Williams
25976,25982,1105,846,1,4,3,17,17,17,0,65,\N,\N,55,4,1:17.182,217.216,11,Lando,Norris,McLaren
25977,25983,1105,825,210,20,17,18,18,18,0,65,\N,\N,44,6,1:18.069,214.748,11,Kevin,Magnussen,Haas F1 Team
25978,25984,1105,822,51,77,16,19,19,19,0,65,\N,\N,50,8,1:18.242,214.273,11,Valtteri,Bottas,Alfa Romeo
25979,25985,1105,858,3,2,20,20,20,20,0,65,\N,\N,41,20,1:19.247,211.556,11,Logan,Sargeant,Williams
25980,25986,1106,830,9,1,1,1,1,1,25,70,1:33:58.348,5638348,68,3,1:15.594,207.683,1,Max,Verstappen,Red Bull
25981,25987,1106,4,117,14,2,2,2,2,18,70,+9.570,5647918,62,4,1:15.779,207.176,1,Fernando,Alonso,Aston Martin
25982,25988,1106,1,131,44,3,3,3,3,15,70,+4.598,5642946,47,2,1:15.396,208.228,1,Lewis,Hamilton,Mercedes
25983,25989,1106,844,6,16,10,4,4,4,12,70,+18.648,5656996,47,5,1:15.907,206.826,1,Charles,Leclerc,Ferrari
25984,25990,1106,832,6,55,11,5,5,5,10,70,+21.540,5659888,47,6,1:15.911,206.815,1,Carlos,Sainz,Ferrari
25985,25991,1106,815,9,11,12,6,6,6,9,70,+51.028,5689376,70,1,1:14.481,210.786,1,Sergio,Pérez,Red Bull
25986,25992,1106,848,3,23,9,7,7,7,6,70,+1:00.813,5699161,68,16,1:16.917,204.110,1,Alexander,Albon,Williams
25987,25993,1106,839,214,31,6,8,8,8,4,70,+1:01.692,5700040,63,15,1:16.782,204.469,1,Esteban,Ocon,Alpine F1 Team
25988,25994,1106,840,117,18,16,9,9,9,2,70,+1:04.402,5702750,58,10,1:16.564,205.051,1,Lance,Stroll,Aston Martin
25989,25995,1106,822,51,77,14,10,10,10,1,70,+1:04.432,5702780,52,12,1:16.625,204.888,1,Valtteri,Bottas,Alfa Romeo
25990,25996,1106,857,1,81,8,11,11,11,0,70,+1:05.101,5703449,59,11,1:16.598,204.960,1,Oscar,Piastri,McLaren
25991,25997,1106,842,214,10,15,12,12,12,0,70,+1:05.249,5703597,67,9,1:16.425,205.424,1,Pierre,Gasly,Alpine F1 Team
25992,25998,1106,846,1,4,7,13,13,13,0,70,+1:08.363,5706711,65,8,1:16.374,205.562,1,Lando,Norris,McLaren
25993,25999,1106,852,213,22,19,14,14,14,0,70,+1:13.423,5711771,68,14,1:16.666,204.779,1,Yuki,Tsunoda,AlphaTauri
25994,26000,1106,807,210,27,5,15,15,15,0,69,\N,\N,37,19,1:17.232,203.278,11,Nico,Hülkenberg,Haas F1 Team
25995,26001,1106,855,51,24,20,16,16,16,0,69,\N,\N,58,17,1:17.090,203.652,11,Guanyu,Zhou,Alfa Romeo
25996,26002,1106,825,210,20,13,17,17,17,0,69,\N,\N,55,7,1:16.126,206.231,11,Kevin,Magnussen,Haas F1 Team
25997,26003,1106,856,213,21,17,18,18,18,0,69,\N,\N,52,13,1:16.656,204.805,11,Nyck,de Vries,AlphaTauri
25998,26004,1106,847,131,63,4,\N,R,19,0,53,\N,\N,44,18,1:17.097,203.634,23,George,Russell,Mercedes
25999,26005,1106,858,3,2,18,\N,R,20,0,6,\N,\N,4,20,1:18.437,200.155,5,Logan,Sargeant,Williams
26000,26006,1107,830,9,1,1,1,1,1,26,71,1:25:33.607,5133607,71,1,1:07.012,231.970,1,Max,Verstappen,Red Bull
26001,26007,1107,844,6,16,2,2,2,2,18,71,+5.155,5138762,51,5,1:08.820,225.876,1,Charles,Leclerc,Ferrari
26002,26008,1107,815,9,11,15,3,3,3,15,71,+17.188,5150795,52,2,1:08.111,228.227,1,Sergio,Pérez,Red Bull
26003,26009,1107,846,1,4,4,4,4,4,12,71,+26.327,5159934,48,4,1:08.739,226.142,1,Lando,Norris,McLaren
26004,26010,1107,4,117,14,7,5,5,5,10,71,+30.317,5163924,54,8,1:09.108,224.934,1,Fernando,Alonso,Aston Martin
26005,26011,1107,832,6,55,3,6,6,6,8,71,+31.377,5164984,50,6,1:08.880,225.679,1,Carlos,Sainz,Ferrari
26006,26012,1107,847,131,63,11,7,7,7,6,71,+48.403,5182010,49,10,1:09.283,224.366,1,George,Russell,Mercedes
26007,26013,1107,1,131,44,5,8,8,8,4,71,+49.196,5182803,48,9,1:09.160,224.765,1,Lewis,Hamilton,Mercedes
26008,26014,1107,840,117,18,6,9,9,9,2,71,+59.043,5192650,57,3,1:08.463,227.054,1,Lance,Stroll,Aston Martin
26009,26015,1107,842,214,10,9,10,10,10,1,71,+1:07.667,5201274,48,7,1:09.046,225.136,1,Pierre,Gasly,Alpine F1 Team
26010,26016,1107,848,3,23,10,11,11,11,0,71,+1:19.767,5213374,53,11,1:09.560,223.473,1,Alexander,Albon,Williams
26011,26017,1107,855,51,24,17,12,12,12,0,70,\N,\N,46,14,1:09.786,222.749,11,Guanyu,Zhou,Alfa Romeo
26012,26018,1107,858,3,2,18,13,13,13,0,70,\N,\N,45,12,1:09.611,223.309,11,Logan,Sargeant,Williams
26013,26019,1107,839,214,31,12,14,14,14,0,70,\N,\N,50,15,1:09.797,222.714,11,Esteban,Ocon,Alpine F1 Team
26014,26020,1107,822,51,77,14,15,15,15,0,70,\N,\N,49,18,1:09.940,222.259,11,Valtteri,Bottas,Alfa Romeo
26015,26021,1107,857,1,81,13,16,16,16,0,70,\N,\N,46,17,1:09.862,222.507,11,Oscar,Piastri,McLaren
26016,26022,1107,856,213,21,0,17,17,17,0,70,\N,\N,46,16,1:09.852,222.539,11,Nyck,de Vries,AlphaTauri
26017,26023,1107,825,210,20,0,18,18,18,0,70,\N,\N,37,19,1:10.176,221.511,11,Kevin,Magnussen,Haas F1 Team
26018,26024,1107,852,213,22,16,19,19,19,0,70,\N,\N,45,13,1:09.620,223.280,11,Yuki,Tsunoda,AlphaTauri
26019,26025,1107,807,210,27,8,\N,R,20,0,12,\N,\N,7,20,1:11.066,218.737,75,Nico,Hülkenberg,Haas F1 Team
26020,26026,1108,830,9,1,1,1,1,1,26,52,1:25:16.938,5116938,42,1,1:30.275,234.922,1,Max,Verstappen,Red Bull
26021,26027,1108,846,1,4,2,2,2,2,18,52,+3.798,5120736,43,2,1:30.543,234.226,1,Lando,Norris,McLaren
26022,26028,1108,1,131,44,7,3,3,3,15,52,+6.783,5123721,43,3,1:30.545,234.221,1,Lewis,Hamilton,Mercedes
26023,26029,1108,857,1,81,3,4,4,4,12,52,+7.776,5124714,41,4,1:30.850,233.435,1,Oscar,Piastri,McLaren
26024,26030,1108,847,131,63,6,5,5,5,10,52,+11.206,5128144,41,6,1:31.124,232.733,1,George,Russell,Mercedes
26025,26031,1108,815,9,11,15,6,6,6,8,52,+12.882,5129820,51,5,1:30.914,233.271,1,Sergio,Pérez,Red Bull
26026,26032,1108,4,117,14,9,7,7,7,6,52,+17.193,5134131,48,9,1:31.338,232.188,1,Fernando,Alonso,Aston Martin
26027,26033,1108,848,3,23,8,8,8,8,4,52,+17.878,5134816,41,8,1:31.273,232.353,1,Alexander,Albon,Williams
26028,26034,1108,844,6,16,4,9,9,9,2,52,+18.689,5135627,48,7,1:31.255,232.399,1,Charles,Leclerc,Ferrari
26029,26035,1108,832,6,55,5,10,10,10,1,52,+19.448,5136386,51,10,1:31.366,232.116,1,Carlos,Sainz,Ferrari
26030,26036,1108,858,3,2,14,11,11,11,0,52,+23.632,5140570,42,13,1:31.699,231.274,1,Logan,Sargeant,Williams
26031,26037,1108,822,51,77,20,12,12,12,0,52,+25.830,5142768,52,16,1:31.852,230.888,1,Valtteri,Bottas,Alfa Romeo
26032,26038,1108,807,210,27,11,13,13,13,0,52,+26.663,5143601,52,15,1:31.776,231.080,1,Nico,Hülkenberg,Haas F1 Team
26033,26039,1108,840,117,18,12,14,14,14,0,52,+27.483,5144421,42,11,1:31.508,231.756,1,Lance,Stroll,Aston Martin
26034,26040,1108,855,51,24,17,15,15,15,0,52,+29.820,5146758,48,14,1:31.769,231.097,1,Guanyu,Zhou,Alfa Romeo
26035,26041,1108,852,213,22,16,16,16,16,0,52,+31.225,5148163,48,17,1:32.084,230.307,1,Yuki,Tsunoda,AlphaTauri
26036,26042,1108,856,213,21,18,17,17,17,0,52,+33.128,5150066,48,18,1:32.353,229.636,1,Nyck,de Vries,AlphaTauri
26037,26043,1108,842,214,10,10,18,18,18,0,46,\N,\N,42,12,1:31.539,231.678,130,Pierre,Gasly,Alpine F1 Team
26038,26044,1108,825,210,20,19,\N,R,19,0,31,\N,\N,29,19,1:33.356,227.169,5,Kevin,Magnussen,Haas F1 Team
26039,26045,1108,839,214,31,13,\N,R,20,0,9,\N,\N,4,20,1:33.941,225.754,44,Esteban,Ocon,Alpine F1 Team
26040,26046,1109,830,9,1,2,1,1,1,26,70,1:38:08.634,5888634,53,1,1:20.504,195.910,1,Max,Verstappen,Red Bull
26041,26047,1109,846,1,4,3,2,2,2,18,70,+33.731,5922365,50,4,1:22.178,191.919,1,Lando,Norris,McLaren
26042,26048,1109,815,9,11,9,3,3,3,15,70,+37.603,5926237,53,5,1:22.295,191.647,1,Sergio,Pérez,Red Bull
26043,26049,1109,1,131,44,1,4,4,4,12,70,+39.134,5927768,54,2,1:21.601,193.277,1,Lewis,Hamilton,Mercedes
26044,26050,1109,857,1,81,4,5,5,5,10,70,+1:02.572,5951206,45,8,1:22.736,190.625,1,Oscar,Piastri,McLaren
26045,26051,1109,847,131,63,18,6,6,6,8,70,+1:05.825,5954459,48,3,1:22.158,191.966,1,George,Russell,Mercedes
26046,26052,1109,844,6,16,6,7,7,7,6,70,+1:10.317,5958951,50,6,1:22.469,191.242,1,Charles,Leclerc,Ferrari
26047,26053,1109,832,6,55,11,8,8,8,4,70,+1:11.073,5959707,54,7,1:22.584,190.976,1,Carlos,Sainz,Ferrari
26048,26054,1109,4,117,14,8,9,9,9,2,70,+1:15.709,5964343,51,9,1:22.745,190.604,1,Fernando,Alonso,Aston Martin
26049,26055,1109,840,117,18,14,10,10,10,1,69,\N,\N,54,11,1:23.425,189.051,11,Lance,Stroll,Aston Martin
26050,26056,1109,848,3,23,16,11,11,11,0,69,\N,\N,54,18,1:24.051,187.643,11,Alexander,Albon,Williams
26051,26057,1109,822,51,77,7,12,12,12,0,69,\N,\N,42,14,1:23.651,188.540,11,Valtteri,Bottas,Alfa Romeo
26052,26058,1109,817,213,3,13,13,13,13,0,69,\N,\N,67,17,1:23.934,187.904,11,Daniel,Ricciardo,AlphaTauri
26053,26059,1109,807,210,27,10,14,14,14,0,69,\N,\N,42,13,1:23.573,188.716,11,Nico,Hülkenberg,Haas F1 Team
26054,26060,1109,852,213,22,17,15,15,15,0,69,\N,\N,68,10,1:23.269,189.405,11,Yuki,Tsunoda,AlphaTauri
26055,26061,1109,855,51,24,5,16,16,16,0,69,\N,\N,12,15,1:23.743,188.333,11,Guanyu,Zhou,Alfa Romeo
26056,26062,1109,825,210,20,19,17,17,17,0,69,\N,\N,54,16,1:23.864,188.061,11,Kevin,Magnussen,Haas F1 Team
26057,26063,1109,858,3,2,20,\N,R,18,0,67,\N,\N,36,12,1:23.496,188.890,31,Logan,Sargeant,Williams
26058,26064,1109,839,214,31,12,\N,R,19,0,2,\N,\N,\N,0,\N,\N,130,Esteban,Ocon,Alpine F1 Team
26059,26065,1109,842,214,10,15,\N,R,20,0,1,\N,\N,\N,0,\N,\N,130,Pierre,Gasly,Alpine F1 Team
26060,26066,1110,830,9,1,6,1,1,1,25,44,1:22:30.450,4950450,32,2,1:48.922,231.490,1,Max,Verstappen,Red Bull
26061,26067,1110,815,9,11,2,2,2,2,18,44,+22.305,4972755,31,6,1:50.308,228.581,1,Sergio,Pérez,Red Bull
26062,26068,1110,844,6,16,1,3,3,3,15,44,+32.259,4982709,30,7,1:50.436,228.316,1,Charles,Leclerc,Ferrari
26063,26069,1110,1,131,44,3,4,4,4,13,44,+49.671,5000121,44,1,1:47.305,234.978,1,Lewis,Hamilton,Mercedes
26064,26070,1110,4,117,14,9,5,5,5,10,44,+56.184,5006634,42,13,1:50.938,227.283,1,Fernando,Alonso,Aston Martin
26065,26071,1110,847,131,63,8,6,6,6,8,44,+1:03.101,5013551,25,11,1:50.603,227.972,1,George,Russell,Mercedes
26066,26072,1110,846,1,4,7,7,7,7,6,44,+1:13.719,5024169,26,18,1:51.682,225.769,1,Lando,Norris,McLaren
26067,26073,1110,839,214,31,14,8,8,8,4,44,+1:14.719,5025169,27,8,1:50.439,228.310,1,Esteban,Ocon,Alpine F1 Team
26068,26074,1110,840,117,18,10,9,9,9,2,44,+1:19.340,5029790,26,16,1:51.297,226.550,1,Lance,Stroll,Aston Martin
26069,26075,1110,852,213,22,11,10,10,10,1,44,+1:20.221,5030671,26,17,1:51.394,226.353,1,Yuki,Tsunoda,AlphaTauri
26070,26076,1110,842,214,10,12,11,11,11,0,44,+1:23.084,5033534,25,12,1:50.911,227.339,1,Pierre,Gasly,Alpine F1 Team
26071,26077,1110,822,51,77,13,12,12,12,0,44,+1:25.191,5035641,26,10,1:50.515,228.153,1,Valtteri,Bottas,Alfa Romeo
26072,26078,1110,855,51,24,17,13,13,13,0,44,+1:35.441,5045891,27,5,1:50.188,228.830,1,Guanyu,Zhou,Alfa Romeo
26073,26079,1110,848,3,23,15,14,14,14,0,44,+1:36.184,5046634,35,3,1:49.841,229.553,1,Alexander,Albon,Williams
26074,26080,1110,825,210,20,16,15,15,15,0,44,+1:41.754,5052204,27,14,1:50.993,227.171,1,Kevin,Magnussen,Haas F1 Team
26075,26081,1110,817,213,3,19,16,16,16,0,44,+1:43.071,5053521,25,15,1:50.994,227.169,1,Daniel,Ricciardo,AlphaTauri
26076,26082,1110,858,3,2,18,17,17,17,0,44,+1:44.476,5054926,37,9,1:50.486,228.213,1,Logan,Sargeant,Williams
26077,26083,1110,807,210,27,0,18,18,18,0,44,+1:50.450,5060900,26,4,1:49.907,229.415,1,Nico,Hülkenberg,Haas F1 Team
26078,26084,1110,832,6,55,4,\N,R,19,0,23,\N,\N,9,19,1:53.138,222.864,130,Carlos,Sainz,Ferrari
26079,26085,1110,857,1,81,5,\N,R,20,0,0,\N,\N,\N,0,\N,\N,130,Oscar,Piastri,McLaren
26080,26086,1111,830,9,1,1,1,1,1,25,72,2:24:04.411,8644411,58,2,1:13.889,207.505,1,Max,Verstappen,Red Bull
26081,26087,1111,4,117,14,5,2,2,2,19,72,+3.744,8648155,56,1,1:13.837,207.651,1,Fernando,Alonso,Aston Martin
26082,26088,1111,842,214,10,12,3,3,3,15,72,+7.058,8651469,55,7,1:14.441,205.967,1,Pierre,Gasly,Alpine F1 Team
26083,26089,1111,815,9,11,7,4,4,4,12,72,+10.068,8655093,59,4,1:14.231,206.549,1,Sergio,Pérez,Red Bull
26084,26090,1111,832,6,55,6,5,5,5,10,72,+12.541,8656952,54,13,1:14.934,204.612,1,Carlos,Sainz,Ferrari
26085,26091,1111,1,131,44,13,6,6,6,8,72,+13.209,8657620,58,3,1:13.904,207.463,1,Lewis,Hamilton,Mercedes
26086,26092,1111,846,1,4,2,7,7,7,6,72,+13.232,8657643,50,6,1:14.390,206.108,1,Lando,Norris,McLaren
26087,26093,1111,848,3,23,4,8,8,8,4,72,+15.155,8659566,55,8,1:14.468,205.892,1,Alexander,Albon,Williams
26088,26094,1111,857,1,81,8,9,9,9,2,72,+16.580,8660991,54,5,1:14.299,206.360,1,Oscar,Piastri,McLaren
26089,26095,1111,839,214,31,16,10,10,10,1,72,+18.346,8662757,51,10,1:14.570,205.610,1,Esteban,Ocon,Alpine F1 Team
26090,26096,1111,840,117,18,11,11,11,11,0,72,+20.087,8664498,37,15,1:15.171,203.966,1,Lance,Stroll,Aston Martin
26091,26097,1111,807,210,27,14,12,12,12,0,72,+20.840,8665251,53,9,1:14.472,205.881,1,Nico,Hülkenberg,Haas F1 Team
26092,26098,1111,859,213,40,19,13,13,13,0,72,+26.147,8670558,49,12,1:14.820,204.923,1,Liam,Lawson,AlphaTauri
26093,26099,1111,822,51,77,18,14,14,14,0,72,+27.388,8671799,49,11,1:14.698,205.258,1,Valtteri,Bottas,Alfa Romeo
26094,26100,1111,852,213,22,17,15,15,15,0,72,+29.893,8682344,35,18,1:16.253,201.072,1,Yuki,Tsunoda,AlphaTauri
26095,26101,1111,825,210,20,0,16,16,16,0,72,+31.410,8679515,37,17,1:15.489,203.107,1,Kevin,Magnussen,Haas F1 Team
26096,26102,1111,847,131,63,3,17,17,17,0,72,+55.754,8700165,54,14,1:15.124,204.094,1,George,Russell,Mercedes
26097,26103,1111,855,51,24,15,\N,R,18,0,62,\N,\N,39,16,1:15.417,203.301,3,Guanyu,Zhou,Alfa Romeo
26098,26104,1111,844,6,16,9,\N,R,19,0,41,\N,\N,33,19,1:17.277,198.408,140,Charles,Leclerc,Ferrari
26099,26105,1111,858,3,2,10,\N,R,20,0,14,\N,\N,13,20,1:17.399,198.095,3,Logan,Sargeant,Williams
26100,26106,1112,830,9,1,2,1,1,1,25,51,1:13:41.143,4421143,33,2,1:25.240,244.659,1,Max,Verstappen,Red Bull
26101,26107,1112,815,9,11,5,2,2,2,18,51,+6.064,4427207,39,4,1:25.522,243.853,1,Sergio,Pérez,Red Bull
26102,26108,1112,832,6,55,1,3,3,3,15,51,+11.193,4432336,30,3,1:25.501,243.912,1,Carlos,Sainz,Ferrari
26103,26109,1112,844,6,16,3,4,4,4,12,51,+11.377,4432520,38,5,1:25.580,243.687,1,Charles,Leclerc,Ferrari
26104,26110,1112,847,131,63,4,5,5,5,10,51,+23.028,4444171,38,9,1:25.847,242.929,1,George,Russell,Mercedes
26105,26111,1112,1,131,44,8,6,6,6,8,51,+42.679,4463822,29,6,1:25.582,243.682,1,Lewis,Hamilton,Mercedes
26106,26112,1112,848,3,23,6,7,7,7,6,51,+45.106,4466249,33,16,1:26.389,241.405,1,Alexander,Albon,Williams
26107,26113,1112,846,1,4,9,8,8,8,4,51,+45.449,4466592,24,14,1:26.144,242.092,1,Lando,Norris,McLaren
26108,26114,1112,4,117,14,10,9,9,9,2,51,+46.294,4467437,43,13,1:26.105,242.201,1,Fernando,Alonso,Aston Martin
26109,26115,1112,822,51,77,14,10,10,10,1,51,+1:04.056,4485199,27,12,1:25.988,242.531,1,Valtteri,Bottas,Alfa Romeo
26110,26116,1112,859,213,40,12,11,11,11,0,51,+1:10.638,4491781,44,8,1:25.842,242.944,1,Liam,Lawson,AlphaTauri
26111,26117,1112,857,1,81,7,12,12,12,0,51,+1:13.074,4494217,43,1,1:25.072,245.142,1,Oscar,Piastri,McLaren
26112,26118,1112,858,3,2,15,13,13,13,0,51,+1:18.557,4499700,16,18,1:26.840,240.152,1,Logan,Sargeant,Williams
26113,26119,1112,855,51,24,16,14,14,14,0,51,+1:20.164,4501307,35,11,1:25.983,242.545,1,Guanyu,Zhou,Alfa Romeo
26114,26120,1112,842,214,10,17,15,15,15,0,51,+1:22.510,4503653,44,7,1:25.758,243.181,1,Pierre,Gasly,Alpine F1 Team
26115,26121,1112,840,117,18,20,16,16,16,0,51,+1:27.266,4508409,31,17,1:26.617,240.770,1,Lance,Stroll,Aston Martin
26116,26122,1112,807,210,27,13,17,17,17,0,50,\N,\N,50,10,1:25.894,242.796,11,Nico,Hülkenberg,Haas F1 Team
26117,26123,1112,825,210,20,19,18,18,18,0,50,\N,\N,42,15,1:26.278,241.716,11,Kevin,Magnussen,Haas F1 Team
26118,26124,1112,839,214,31,18,\N,R,19,0,39,\N,\N,33,19,1:26.963,239.812,38,Esteban,Ocon,Alpine F1 Team
26119,26125,1112,852,213,22,11,\N,R,20,0,0,\N,\N,\N,0,\N,\N,5,Yuki,Tsunoda,AlphaTauri
26120,26126,1113,832,6,55,1,1,1,1,25,62,1:46:37.418,6397418,47,7,1:37.666,182.089,1,Carlos,Sainz,Ferrari
26121,26127,1113,846,1,4,4,2,2,2,18,62,+0.812,6398230,46,8,1:38.046,181.384,1,Lando,Norris,McLaren
26122,26128,1113,1,131,44,5,3,3,3,16,62,+1.269,6398687,47,1,1:35.867,185.507,1,Lewis,Hamilton,Mercedes
26123,26129,1113,844,6,16,3,4,4,4,12,62,+21.177,6418595,46,11,1:38.275,180.961,1,Charles,Leclerc,Ferrari
26124,26130,1113,830,9,1,11,5,5,5,10,62,+21.441,6418859,61,4,1:36.575,184.147,1,Max,Verstappen,Red Bull
26125,26131,1113,842,214,10,12,6,6,6,8,62,+38.441,6435859,46,12,1:38.277,180.957,1,Pierre,Gasly,Alpine F1 Team
26126,26132,1113,857,1,81,17,7,7,7,6,62,+41.479,6438897,46,13,1:38.492,180.562,1,Oscar,Piastri,McLaren
26127,26133,1113,815,9,11,13,8,8,8,4,62,+59.534,6456952,61,5,1:37.108,183.136,1,Sergio,Pérez,Red Bull
26128,26134,1113,859,213,40,10,9,9,9,2,62,+1:05.918,6463336,47,15,1:39.028,179.585,1,Liam,Lawson,AlphaTauri
26129,26135,1113,825,210,20,6,10,10,10,1,62,+1:12.116,6469534,48,10,1:38.107,181.271,1,Kevin,Magnussen,Haas F1 Team
26130,26136,1113,848,3,23,14,11,11,11,0,62,+1:13.417,6470835,46,6,1:37.342,182.696,1,Alexander,Albon,Williams
26131,26137,1113,855,51,24,0,12,12,12,0,62,+1:23.649,6481067,46,16,1:39.316,179.064,1,Guanyu,Zhou,Alfa Romeo
26132,26138,1113,807,210,27,9,13,13,13,0,62,+1:26.201,6483619,50,17,1:39.923,177.977,1,Nico,Hülkenberg,Haas F1 Team
26133,26139,1113,858,3,2,18,14,14,14,0,62,+1:26.889,6484307,45,14,1:38.531,180.491,1,Logan,Sargeant,Williams
26134,26140,1113,4,117,14,7,15,15,15,0,62,+1:27.603,6485021,47,3,1:36.456,184.374,1,Fernando,Alonso,Aston Martin
26135,26141,1113,847,131,63,2,16,16,16,0,61,\N,\N,46,2,1:36.273,184.724,3,George,Russell,Mercedes
26136,26142,1113,822,51,77,16,\N,R,17,0,51,\N,\N,51,9,1:38.075,181.330,39,Valtteri,Bottas,Alfa Romeo
26137,26143,1113,839,214,31,8,\N,R,18,0,42,\N,\N,33,18,1:39.930,177.964,6,Esteban,Ocon,Alpine F1 Team
26138,26144,1113,852,213,22,15,\N,R,19,0,0,\N,\N,\N,0,\N,\N,4,Yuki,Tsunoda,AlphaTauri
26139,26145,1113,840,117,18,0,\N,W,20,0,0,\N,\N,\N,0,\N,\N,54,Lance,Stroll,Aston Martin
26140,26146,1114,830,9,1,1,1,1,1,26,53,1:30:58.421,5458421,39,1,1:34.183,221.963,1,Max,Verstappen,Red Bull
26141,26147,1114,846,1,4,3,2,2,2,18,53,+19.387,5477808,40,2,1:35.247,219.484,1,Lando,Norris,McLaren
26142,26148,1114,857,1,81,2,3,3,3,15,53,+36.494,5494915,38,5,1:36.328,217.021,1,Oscar,Piastri,McLaren
26143,26149,1114,844,6,16,4,4,4,4,12,53,+43.998,5502419,40,6,1:36.362,216.944,1,Charles,Leclerc,Ferrari
26144,26150,1114,1,131,44,7,5,5,5,10,53,+49.376,5507797,36,3,1:35.611,218.648,1,Lewis,Hamilton,Mercedes
26145,26151,1114,832,6,55,6,6,6,6,8,53,+50.221,5508642,40,4,1:36.187,217.339,1,Carlos,Sainz,Ferrari
26146,26152,1114,847,131,63,8,7,7,7,6,53,+57.659,5516080,27,11,1:37.653,214.076,1,George,Russell,Mercedes
26147,26153,1114,4,117,14,10,8,8,8,4,53,+1:14.725,5533146,28,8,1:37.203,215.067,1,Fernando,Alonso,Aston Martin
26148,26154,1114,839,214,31,14,9,9,9,2,53,+1:19.678,5538099,34,10,1:37.398,214.636,1,Esteban,Ocon,Alpine F1 Team
26149,26155,1114,842,214,10,12,10,10,10,1,53,+1:23.155,5541576,36,7,1:36.371,216.924,1,Pierre,Gasly,Alpine F1 Team
26150,26156,1114,859,213,40,11,11,11,11,0,52,\N,\N,50,15,1:38.267,212.738,11,Liam,Lawson,AlphaTauri
26151,26157,1114,852,213,22,9,12,12,12,0,52,\N,\N,36,12,1:37.768,213.824,11,Yuki,Tsunoda,AlphaTauri
26152,26158,1114,855,51,24,19,13,13,13,0,52,\N,\N,45,13,1:37.791,213.774,11,Guanyu,Zhou,Alfa Romeo
26153,26159,1114,807,210,27,18,14,14,14,0,52,\N,\N,44,9,1:37.250,214.963,11,Nico,Hülkenberg,Haas F1 Team
26154,26160,1114,825,210,20,15,15,15,15,0,52,\N,\N,41,14,1:37.842,213.662,11,Kevin,Magnussen,Haas F1 Team
26155,26161,1114,848,3,23,13,\N,R,16,0,26,\N,\N,15,18,1:39.185,210.769,130,Alexander,Albon,Williams
26156,26162,1114,858,3,2,0,\N,R,17,0,22,\N,\N,7,16,1:38.848,211.488,130,Logan,Sargeant,Williams
26157,26163,1114,840,117,18,17,\N,R,18,0,20,\N,\N,16,17,1:39.050,211.057,65,Lance,Stroll,Aston Martin
26158,26164,1114,815,9,11,5,\N,R,19,0,15,\N,\N,8,19,1:39.704,209.672,130,Sergio,Pérez,Red Bull
26159,26165,1114,822,51,77,16,\N,R,20,0,7,\N,\N,5,20,2:02.755,170.300,130,Valtteri,Bottas,Alfa Romeo
26160,26166,1115,830,9,1,1,1,1,1,26,57,1:27:39.168,5259168,56,1,1:24.319,231.364,1,Max,Verstappen,Red Bull
26161,26167,1115,857,1,81,6,2,2,2,18,57,+4.833,5264001,48,3,1:24.921,229.724,1,Oscar,Piastri,McLaren
26162,26168,1115,846,1,4,10,3,3,3,15,57,+5.969,5265137,47,2,1:24.842,229.938,1,Lando,Norris,McLaren
26163,26169,1115,847,131,63,2,4,4,4,12,57,+34.119,5293287,35,5,1:25.770,227.450,1,George,Russell,Mercedes
26164,26170,1115,844,6,16,5,5,5,5,10,57,+38.976,5298144,57,4,1:24.992,229.532,1,Charles,Leclerc,Ferrari
26165,26171,1115,4,117,14,4,6,6,6,8,57,+49.032,5308200,57,6,1:26.045,226.723,1,Fernando,Alonso,Aston Martin
26166,26172,1115,839,214,31,8,7,7,7,6,57,+1:02.390,5321558,42,11,1:26.450,225.661,1,Esteban,Ocon,Alpine F1 Team
26167,26173,1115,822,51,77,9,8,8,8,4,57,+1:06.563,5325731,54,13,1:26.652,225.135,1,Valtteri,Bottas,Alfa Romeo
26168,26174,1115,855,51,24,19,9,9,9,2,57,+1:16.127,5335295,54,9,1:26.323,225.993,1,Guanyu,Zhou,Alfa Romeo
26169,26175,1115,815,9,11,0,10,10,10,1,57,+1:20.181,5339349,50,7,1:26.220,226.263,1,Sergio,Pérez,Red Bull
26170,26176,1115,840,117,18,16,11,11,11,0,57,+1:21.652,5340820,55,10,1:26.352,225.917,1,Lance,Stroll,Aston Martin
26171,26177,1115,842,214,10,7,12,12,12,0,57,+1:22.300,5341468,49,8,1:26.310,226.027,1,Pierre,Gasly,Alpine F1 Team
26172,26178,1115,848,3,23,13,13,13,13,0,57,+1:31.014,5350182,57,14,1:26.666,225.098,1,Alexander,Albon,Williams
26173,26179,1115,825,210,20,18,14,14,14,0,56,\N,\N,46,15,1:27.067,224.061,11,Kevin,Magnussen,Haas F1 Team
26174,26180,1115,852,213,22,11,15,15,15,0,56,\N,\N,55,17,1:27.174,223.786,11,Yuki,Tsunoda,AlphaTauri
26175,26181,1115,807,210,27,14,16,16,16,0,56,\N,\N,45,12,1:26.489,225.559,11,Nico,Hülkenberg,Haas F1 Team
26176,26182,1115,859,213,40,17,17,17,17,0,56,\N,\N,54,16,1:27.113,223.943,11,Liam,Lawson,AlphaTauri
26177,26183,1115,858,3,2,15,\N,R,18,0,40,\N,\N,31,18,1:27.983,221.729,139,Logan,Sargeant,Williams
26178,26184,1115,1,131,44,3,\N,R,19,0,0,\N,\N,\N,0,\N,\N,4,Lewis,Hamilton,Mercedes
26179,26185,1115,832,6,55,12,\N,W,20,0,0,\N,\N,\N,0,\N,\N,95,Carlos,Sainz,Ferrari
26180,26186,1116,830,9,1,6,1,1,1,25,56,1:35:21.362,5721362,40,9,1:40.028,198.412,1,Max,Verstappen,Red Bull
26181,26187,1116,846,1,4,2,2,2,2,18,56,+10.730,5732092,39,8,1:39.985,198.497,1,Lando,Norris,McLaren
26182,26188,1116,832,6,55,4,3,3,3,15,56,+15.134,5736496,51,10,1:40.034,198.400,1,Carlos,Sainz,Ferrari
26183,26189,1116,815,9,11,9,4,4,4,12,56,+18.460,5739822,40,5,1:39.737,198.991,1,Sergio,Pérez,Red Bull
26184,26190,1116,847,131,63,5,5,5,5,10,56,+24.999,5746361,48,3,1:39.393,199.680,1,George,Russell,Mercedes
26185,26191,1116,842,214,10,7,6,6,6,8,56,+47.996,5769358,47,11,1:40.412,197.653,1,Pierre,Gasly,Alpine F1 Team
26186,26192,1116,840,117,18,0,7,7,7,6,56,+48.696,5770058,48,6,1:39.908,198.650,1,Lance,Stroll,Aston Martin
26187,26193,1116,852,213,22,11,8,8,8,5,56,+1:14.385,5795747,56,1,1:38.139,202.231,1,Yuki,Tsunoda,AlphaTauri
26188,26194,1116,848,3,23,15,9,9,9,2,56,+1:26.714,5808076,40,15,1:41.371,195.783,1,Alexander,Albon,Williams
26189,26195,1116,858,3,2,16,10,10,10,1,56,+1:27.998,5809360,34,14,1:41.238,196.041,1,Logan,Sargeant,Williams
26190,26196,1116,807,210,27,0,11,11,11,0,56,+1:29.904,5811266,45,12,1:40.925,196.648,1,Nico,Hülkenberg,Haas F1 Team
26191,26197,1116,822,51,77,13,12,12,12,0,56,+1:38.601,5819963,54,18,1:41.972,194.629,1,Valtteri,Bottas,Alfa Romeo
26192,26198,1116,855,51,24,12,13,13,13,0,55,\N,\N,51,17,1:41.879,194.807,11,Guanyu,Zhou,Alfa Romeo
26193,26199,1116,825,210,20,0,14,14,14,0,55,\N,\N,41,16,1:41.506,195.523,11,Kevin,Magnussen,Haas F1 Team
26194,26200,1116,817,213,3,14,15,15,15,0,55,\N,\N,49,2,1:39.366,199.734,11,Daniel,Ricciardo,AlphaTauri
26195,26201,1116,4,117,14,0,\N,R,16,0,49,\N,\N,47,7,1:39.954,198.559,140,Fernando,Alonso,Aston Martin
26196,26202,1116,857,1,81,10,\N,R,17,0,10,\N,\N,5,19,1:42.705,193.240,21,Oscar,Piastri,McLaren
26197,26203,1116,839,214,31,8,\N,R,18,0,6,\N,\N,2,20,1:44.789,189.397,130,Esteban,Ocon,Alpine F1 Team
26198,26204,1116,1,131,44,3,\N,D,19,0,56,\N,\N,42,4,1:39.582,199.301,2,Lewis,Hamilton,Mercedes
26199,26205,1116,844,6,16,1,\N,D,20,0,56,\N,\N,\N,0,\N,\N,2,Charles,Leclerc,Ferrari
26200,26206,1117,830,9,1,3,1,1,1,25,71,2:02:30.814,7350814,40,2,1:21.644,189.780,1,Max,Verstappen,Red Bull
26201,26207,1117,1,131,44,6,2,2,2,19,71,+13.875,7364689,71,1,1:21.334,190.503,1,Lewis,Hamilton,Mercedes
26202,26208,1117,844,6,16,1,3,3,3,15,71,+23.124,7373938,38,4,1:22.332,188.194,1,Charles,Leclerc,Ferrari
26203,26209,1117,832,6,55,2,4,4,4,12,71,+27.154,7377968,57,6,1:22.539,187.722,1,Carlos,Sainz,Ferrari
26204,26210,1117,846,1,4,17,5,5,5,10,71,+33.266,7384080,71,3,1:21.944,189.085,1,Lando,Norris,McLaren
26205,26211,1117,847,131,63,8,6,6,6,8,71,+41.020,7391834,38,10,1:22.780,187.175,1,George,Russell,Mercedes
26206,26212,1117,817,213,3,4,7,7,7,6,71,+41.570,7392384,66,7,1:22.679,187.404,1,Daniel,Ricciardo,AlphaTauri
26207,26213,1117,857,1,81,7,8,8,8,4,71,+43.104,7393918,53,8,1:22.760,187.220,1,Oscar,Piastri,McLaren
26208,26214,1117,848,3,23,14,9,9,9,2,71,+48.573,7399387,65,9,1:22.773,187.191,1,Alexander,Albon,Williams
26209,26215,1117,839,214,31,15,10,10,10,1,71,+1:02.879,7413693,66,11,1:22.976,186.733,1,Esteban,Ocon,Alpine F1 Team
26210,26216,1117,842,214,10,11,11,11,11,0,71,+1:06.208,7417022,43,16,1:23.230,186.163,1,Pierre,Gasly,Alpine F1 Team
26211,26217,1117,852,213,22,18,12,12,12,0,71,+1:18.982,7429796,11,5,1:22.501,187.808,1,Yuki,Tsunoda,AlphaTauri
26212,26218,1117,807,210,27,12,13,13,13,0,71,+1:20.309,7431123,43,15,1:23.222,186.181,1,Nico,Hülkenberg,Haas F1 Team
26213,26219,1117,855,51,24,10,14,14,14,0,71,+1:21.676,7432490,39,19,1:23.567,185.412,1,Guanyu,Zhou,Alfa Romeo
26214,26220,1117,822,51,77,9,15,15,15,0,71,+1:25.597,7436411,43,14,1:23.166,186.306,1,Valtteri,Bottas,Alfa Romeo
26215,26221,1117,858,3,2,19,16,16,16,0,70,\N,\N,24,12,1:23.003,186.672,31,Logan,Sargeant,Williams
26216,26222,1117,840,117,18,0,17,17,17,0,66,\N,\N,43,17,1:23.257,186.103,130,Lance,Stroll,Aston Martin
26217,26223,1117,4,117,14,13,\N,R,18,0,47,\N,\N,40,18,1:23.531,185.492,54,Fernando,Alonso,Aston Martin
26218,26224,1117,825,210,20,16,\N,R,19,0,31,\N,\N,25,13,1:23.146,186.351,3,Kevin,Magnussen,Haas F1 Team
26219,26225,1117,815,9,11,5,\N,R,20,0,1,\N,\N,\N,0,\N,\N,130,Sergio,Pérez,Red Bull
26220,26226,1118,830,9,1,1,1,1,1,25,71,1:56:48.894,7008894,68,2,1:13.422,211.277,1,Max,Verstappen,Red Bull
26221,26227,1118,846,1,4,6,2,2,2,19,71,+8.277,7017171,61,1,1:12.486,214.005,1,Lando,Norris,McLaren
26222,26228,1118,4,117,14,4,3,3,3,15,71,+34.155,7043049,54,10,1:14.442,208.382,1,Fernando,Alonso,Aston Martin
26223,26229,1118,815,9,11,9,4,4,4,12,71,+34.208,7043102,55,5,1:14.124,209.276,1,Sergio,Pérez,Red Bull
26224,26230,1118,840,117,18,3,5,5,5,10,71,+40.845,7049739,67,4,1:14.007,209.607,1,Lance,Stroll,Aston Martin
26225,26231,1118,832,6,55,7,6,6,6,8,71,+50.188,7059082,59,9,1:14.406,208.483,1,Carlos,Sainz,Ferrari
26226,26232,1118,842,214,10,15,7,7,7,6,71,+56.093,7064987,48,11,1:14.521,208.161,1,Pierre,Gasly,Alpine F1 Team
26227,26233,1118,1,131,44,5,8,8,8,4,71,+1:02.859,7071753,59,12,1:14.739,207.554,1,Lewis,Hamilton,Mercedes
26228,26234,1118,852,213,22,16,9,9,9,2,71,+1:09.880,7078774,64,7,1:14.231,208.974,1,Yuki,Tsunoda,AlphaTauri
26229,26235,1118,839,214,31,14,10,10,10,1,70,\N,\N,53,6,1:14.206,209.045,11,Esteban,Ocon,Alpine F1 Team
26230,26236,1118,858,3,2,19,11,11,11,0,70,\N,\N,51,16,1:15.738,204.816,11,Logan,Sargeant,Williams
26231,26237,1118,807,210,27,11,12,12,12,0,70,\N,\N,66,14,1:15.036,206.732,11,Nico,Hülkenberg,Haas F1 Team
26232,26238,1118,817,213,3,17,13,13,13,0,70,\N,\N,68,3,1:13.866,210.007,11,Daniel,Ricciardo,AlphaTauri
26233,26239,1118,857,1,81,10,14,14,14,0,69,\N,\N,66,8,1:14.310,208.752,12,Oscar,Piastri,McLaren
26234,26240,1118,847,131,63,8,\N,R,15,0,57,\N,\N,55,13,1:14.934,207.014,25,George,Russell,Mercedes
26235,26241,1118,822,51,77,18,\N,R,16,0,39,\N,\N,20,15,1:15.731,204.835,5,Valtteri,Bottas,Alfa Romeo
26236,26242,1118,855,51,24,20,\N,R,17,0,22,\N,\N,17,17,1:16.232,203.489,5,Guanyu,Zhou,Alfa Romeo
26237,26243,1118,825,210,20,12,\N,R,18,0,0,\N,\N,\N,0,\N,\N,4,Kevin,Magnussen,Haas F1 Team
26238,26244,1118,848,3,23,13,\N,R,19,0,0,\N,\N,\N,0,\N,\N,4,Alexander,Albon,Williams
26239,26245,1118,844,6,16,0,\N,W,20,0,0,\N,\N,\N,0,\N,\N,5,Charles,Leclerc,Ferrari
26240,26246,1119,830,9,1,2,1,1,1,25,50,1:29:08.289,5348289,44,2,1:35.614,233.476,1,Max,Verstappen,Red Bull
26241,26247,1119,844,6,16,1,2,2,2,18,50,+2.070,5350359,50,3,1:35.669,233.342,1,Charles,Leclerc,Ferrari
26242,26248,1119,815,9,11,11,3,3,3,15,50,+2.241,5350530,40,5,1:35.939,232.685,1,Sergio,Pérez,Red Bull
26243,26249,1119,839,214,31,16,4,4,4,12,50,+18.665,5366954,47,10,1:36.637,231.004,1,Esteban,Ocon,Alpine F1 Team
26244,26250,1119,840,117,18,19,5,5,5,10,50,+20.067,5368356,45,9,1:36.584,231.131,1,Lance,Stroll,Aston Martin
26245,26251,1119,832,6,55,12,6,6,6,8,50,+20.834,5369123,47,6,1:35.984,232.576,1,Carlos,Sainz,Ferrari
26246,26252,1119,1,131,44,10,7,7,7,6,50,+21.755,5370044,48,4,1:35.716,233.227,1,Lewis,Hamilton,Mercedes
26247,26253,1119,847,131,63,3,8,8,8,4,50,+23.091,5371380,44,7,1:36.071,232.365,1,George,Russell,Mercedes
26248,26254,1119,4,117,14,9,9,9,9,2,50,+25.964,5374253,42,8,1:36.559,231.191,1,Fernando,Alonso,Aston Martin
26249,26255,1119,857,1,81,18,10,10,10,2,50,+29.496,5377785,47,1,1:35.490,233.779,1,Oscar,Piastri,McLaren
26250,26256,1119,842,214,10,4,11,11,11,0,50,+34.270,5382559,37,11,1:36.913,230.346,1,Pierre,Gasly,Alpine F1 Team
26251,26257,1119,848,3,23,5,12,12,12,0,50,+43.398,5391687,50,13,1:37.357,229.296,1,Alexander,Albon,Williams
26252,26258,1119,825,210,20,8,13,13,13,0,50,+44.825,5393114,50,15,1:37.455,229.065,1,Kevin,Magnussen,Haas F1 Team
26253,26259,1119,817,213,3,14,14,14,14,0,50,+48.525,5396814,50,12,1:37.108,229.884,1,Daniel,Ricciardo,AlphaTauri
26254,26260,1119,855,51,24,17,15,15,15,0,50,+50.162,5398451,32,14,1:37.375,229.253,1,Guanyu,Zhou,Alfa Romeo
26255,26261,1119,858,3,2,6,16,16,16,0,50,+50.882,5399171,32,19,1:37.740,228.397,1,Logan,Sargeant,Williams
26256,26262,1119,822,51,77,7,17,17,17,0,50,+1:25.350,5433639,49,16,1:37.562,228.814,1,Valtteri,Bottas,Alfa Romeo
26257,26263,1119,852,213,22,20,18,18,18,0,46,\N,\N,45,18,1:37.587,228.755,6,Yuki,Tsunoda,AlphaTauri
26258,26264,1119,807,210,27,13,19,19,19,0,45,\N,\N,43,17,1:37.565,228.807,5,Nico,Hülkenberg,Haas F1 Team
26259,26265,1119,846,1,4,15,\N,R,20,0,2,\N,\N,2,20,1:59.327,187.079,3,Lando,Norris,McLaren
26260,26266,1120,830,9,1,1,1,1,1,26,58,1:27:02.624,5222624,45,1,1:26.993,218.541,1,Max,Verstappen,Red Bull
26261,26267,1120,844,6,16,2,2,2,2,18,58,+17.993,5240617,44,8,1:28.199,215.553,1,Charles,Leclerc,Ferrari
26262,26268,1120,847,131,63,4,3,3,3,15,58,+20.328,5242952,45,7,1:28.187,215.582,1,George,Russell,Mercedes
26263,26269,1120,815,9,11,9,4,4,4,12,58,+21.453,5244077,44,2,1:27.493,217.292,1,Sergio,Pérez,Red Bull
26264,26270,1120,846,1,4,5,5,5,5,10,58,+24.284,5246908,45,6,1:28.164,215.639,1,Lando,Norris,McLaren
26265,26271,1120,857,1,81,3,6,6,6,8,58,+31.487,5254111,38,5,1:28.138,215.702,1,Oscar,Piastri,McLaren
26266,26272,1120,4,117,14,7,7,7,7,6,58,+39.512,5262136,42,9,1:28.256,215.414,1,Fernando,Alonso,Aston Martin
26267,26273,1120,852,213,22,6,8,8,8,4,58,+43.088,5265712,55,16,1:29.256,213.000,1,Yuki,Tsunoda,AlphaTauri
26268,26274,1120,1,131,44,11,9,9,9,2,58,+44.424,5267048,52,10,1:28.372,215.131,1,Lewis,Hamilton,Mercedes
26269,26275,1120,840,117,18,13,10,10,10,1,58,+55.632,5278256,44,4,1:28.050,215.918,1,Lance,Stroll,Aston Martin
26270,26276,1120,817,213,3,15,11,11,11,0,58,+56.229,5278853,47,11,1:28.571,214.648,1,Daniel,Ricciardo,AlphaTauri
26271,26277,1120,839,214,31,12,12,12,12,0,58,+1:06.373,5288997,34,20,1:30.033,211.162,1,Esteban,Ocon,Alpine F1 Team
26272,26278,1120,842,214,10,10,13,13,13,0,58,+1:10.360,5292984,35,14,1:29.016,213.575,1,Pierre,Gasly,Alpine F1 Team
26273,26279,1120,848,3,23,14,14,14,14,0,58,+1:13.184,5295808,45,3,1:27.845,216.422,1,Alexander,Albon,Williams
26274,26280,1120,807,210,27,8,15,15,15,0,58,+1:23.696,5306320,58,15,1:29.217,213.093,1,Nico,Hülkenberg,Haas F1 Team
26275,26281,1120,858,3,2,20,16,16,16,0,58,+1:27.791,5310415,43,12,1:28.580,214.626,1,Logan,Sargeant,Williams
26276,26282,1120,855,51,24,19,17,17,17,0,58,+1:29.422,5312046,43,13,1:28.746,214.224,1,Guanyu,Zhou,Alfa Romeo
26277,26283,1120,832,6,55,16,18,18,18,0,57,\N,\N,42,17,1:29.452,212.534,31,Carlos,Sainz,Ferrari
26278,26284,1120,822,51,77,18,19,19,19,0,57,\N,\N,42,18,1:29.863,211.562,11,Valtteri,Bottas,Alfa Romeo
26279,26285,1120,825,210,20,17,20,20,20,0,57,\N,\N,46,19,1:29.934,211.395,11,Kevin,Magnussen,Haas F1 Team
26280,26286,1121,830,9,1,1,1,1,1,26,57,1:31:44.742,5504742,39,1,1:32.608,210.383,1,Max,Verstappen,Red Bull
26281,26287,1121,815,9,11,5,2,2,2,18,57,+22.457,5527199,40,4,1:34.364,206.468,1,Sergio,Pérez,Red Bull
26282,26288,1121,832,6,55,4,3,3,3,15,57,+25.110,5529852,44,6,1:34.507,206.156,1,Carlos,Sainz,Ferrari
26283,26289,1121,844,6,16,2,4,4,4,12,57,+39.669,5544411,36,2,1:34.090,207.069,1,Charles,Leclerc,Ferrari
26284,26290,1121,847,131,63,3,5,5,5,10,57,+46.788,5551530,40,12,1:35.065,204.946,1,George,Russell,Mercedes
26285,26291,1121,846,1,4,7,6,6,6,8,57,+48.458,5553200,1,5,1:34.476,206.223,1,Lando,Norris,McLaren
26286,26292,1121,1,131,44,9,7,7,7,6,57,+50.324,5555066,39,7,1:34.722,205.688,1,Lewis,Hamilton,Mercedes
26287,26293,1121,857,1,81,8,8,8,8,4,57,+56.082,5560824,1,11,1:34.983,205.123,1,Oscar,Piastri,McLaren
26288,26294,1121,4,117,14,6,9,9,9,2,57,+1:14.887,5579629,48,3,1:34.199,206.830,1,Fernando,Alonso,Aston Martin
26289,26295,1121,840,117,18,12,10,10,10,1,57,+1:33.216,5597958,30,16,1:35.632,203.730,1,Lance,Stroll,Aston Martin
26290,26296,1121,855,15,24,17,11,11,11,0,56,\N,\N,30,14,1:35.458,204.102,11,Guanyu,Zhou,Sauber
26291,26297,1121,825,210,20,15,12,12,12,0,56,\N,\N,34,15,1:35.570,203.863,11,Kevin,Magnussen,Haas F1 Team
26292,26298,1121,817,215,3,14,13,13,13,0,56,\N,\N,37,13,1:35.163,204.735,11,Daniel,Ricciardo,RB F1 Team
26293,26299,1121,852,215,22,11,14,14,14,0,56,\N,\N,37,18,1:35.833,203.303,11,Yuki,Tsunoda,RB F1 Team
26294,26300,1121,848,3,23,13,15,15,15,0,56,\N,\N,40,17,1:35.723,203.537,11,Alexander,Albon,Williams
26295,26301,1121,807,210,27,10,16,16,16,0,56,\N,\N,46,10,1:34.834,205.445,11,Nico,Hülkenberg,Haas F1 Team
26296,26302,1121,839,214,31,19,17,17,17,0,56,\N,\N,34,20,1:36.226,202.473,11,Esteban,Ocon,Alpine F1 Team
26297,26303,1121,842,214,10,20,18,18,18,0,56,\N,\N,45,9,1:34.805,205.508,11,Pierre,Gasly,Alpine F1 Team
26298,26304,1121,822,15,77,16,19,19,19,0,56,\N,\N,33,19,1:36.202,202.523,11,Valtteri,Bottas,Sauber
26299,26305,1121,858,3,2,18,20,20,20,0,55,\N,\N,42,8,1:34.735,205.659,12,Logan,Sargeant,Williams
26300,26306,1122,830,9,1,1,1,1,1,25,50,1:20:43.273,4843273,50,3,1:31.773,242.188,1,Max,Verstappen,Red Bull
26301,26307,1122,815,9,11,3,2,2,2,18,50,+13.6431,4862704,37,8,1:32.273,240.876,1,Sergio,Pérez,Red Bull
26302,26308,1122,844,6,16,2,3,3,3,16,50,+18.639,4861912,50,1,1:31.632,242.561,1,Charles,Leclerc,Ferrari
26303,26309,1122,857,1,81,5,4,4,4,12,50,+32.007,4875280,1,10,1:32.310,240.779,1,Oscar,Piastri,McLaren
26304,26310,1122,4,117,14,4,5,5,5,10,50,+35.759,4879032,43,13,1:32.387,240.579,1,Fernando,Alonso,Aston Martin
26305,26311,1122,847,131,63,7,6,6,6,8,50,+39.936,4883209,42,7,1:32.254,240.926,1,George,Russell,Mercedes
26306,26312,1122,860,6,38,11,7,7,7,6,50,+42.679,4885952,50,5,1:32.186,241.103,1,Oliver,Bearman,Ferrari
26307,26313,1122,846,1,4,6,8,8,8,4,50,+45.708,4888981,1,4,1:31.944,241.738,1,Lando,Norris,McLaren
26308,26314,1122,1,131,44,8,9,9,9,2,50,+47.391,4890664,38,2,1:31.746,242.260,1,Lewis,Hamilton,Mercedes
26309,26315,1122,807,210,27,15,10,10,10,1,50,+1:16.996,4920269,49,12,1:32.366,240.633,1,Nico,Hülkenberg,Haas F1 Team
26310,26316,1122,848,3,23,12,11,11,11,0,50,+1:28.354,4931627,50,9,1:32.307,240.787,1,Alexander,Albon,Williams
26311,26317,1122,825,210,20,13,12,12,12,0,50,+1:45.7373,4955646,47,11,1:32.338,240.706,1,Kevin,Magnussen,Haas F1 Team
26312,26318,1122,839,214,31,17,13,13,13,0,49,\N,\N,48,17,1:33.481,237.763,11,Esteban,Ocon,Alpine F1 Team
26313,26319,1122,858,3,2,19,14,14,14,0,49,\N,\N,44,18,1:33.523,237.657,11,Logan,Sargeant,Williams
26314,26320,1122,852,215,22,9,15,15,15,0,49,\N,\N,49,15,1:33.026,238.926,11,Yuki,Tsunoda,RB F1 Team
26315,26321,1122,817,215,3,14,16,16,16,0,49,\N,\N,47,16,1:33.323,238.166,11,Daniel,Ricciardo,RB F1 Team
26316,26322,1122,822,15,77,16,17,17,17,0,49,\N,\N,49,14,1:32.706,239.751,11,Valtteri,Bottas,Sauber
26317,26323,1122,855,15,24,20,18,18,18,0,49,\N,\N,49,6,1:32.208,241.046,11,Guanyu,Zhou,Sauber
26318,26324,1122,840,117,18,10,\N,R,19,0,5,\N,\N,5,19,1:35.560,232.591,3,Lance,Stroll,Aston Martin
26319,26325,1122,842,214,10,18,\N,R,20,0,1,\N,\N,\N,0,\N,\N,6,Pierre,Gasly,Alpine F1 Team
26320,26326,1123,832,6,55,2,1,1,1,25,58,1:20:26.843,4826843,48,3,1:20.031,237.418,1,Carlos,Sainz,Ferrari
26321,26327,1123,844,6,16,4,2,2,2,19,58,+2.366,4829209,56,1,1:19.813,238.066,1,Charles,Leclerc,Ferrari
26322,26328,1123,846,1,4,3,3,3,3,15,58,+5.904,4832747,1,2,1:19.915,237.762,1,Lando,Norris,McLaren
26323,26329,1123,857,1,81,5,4,4,4,12,58,+35.770,4862613,1,4,1:20.199,236.920,1,Oscar,Piastri,McLaren
26324,26330,1123,815,9,11,6,5,5,5,10,58,+56.309,4883152,47,6,1:20.388,236.363,1,Sergio,Pérez,Red Bull
26325,26331,1123,840,117,18,9,6,6,6,8,58,+1:33.222,4920065,49,8,1:20.930,234.780,1,Lance,Stroll,Aston Martin
26326,26332,1123,852,215,22,8,7,7,7,6,58,+1:35.601,4922444,46,11,1:21.134,234.190,1,Yuki,Tsunoda,RB F1 Team
26327,26333,1123,4,117,14,10,8,8,8,4,58,+1:40.992,4927835,52,7,1:20.493,236.055,1,Fernando,Alonso,Aston Martin
26328,26334,1123,807,210,27,16,9,9,9,2,58,+1:44.553,4931396,46,12,1:21.145,234.158,1,Nico,Hülkenberg,Haas F1 Team
26329,26335,1123,825,210,20,14,10,10,10,1,57,\N,\N,44,9,1:21.082,234.340,11,Kevin,Magnussen,Haas F1 Team
26330,26336,1123,848,3,23,12,11,11,11,0,57,\N,\N,46,17,1:21.618,232.801,11,Alexander,Albon,Williams
26331,26337,1123,817,215,3,18,12,12,12,0,57,\N,\N,46,13,1:21.239,233.887,11,Daniel,Ricciardo,RB F1 Team
26332,26338,1123,842,214,10,17,13,13,13,0,57,\N,\N,51,10,1:21.090,234.317,11,Pierre,Gasly,Alpine F1 Team
26333,26339,1123,822,15,77,13,14,14,14,0,57,\N,\N,48,16,1:21.422,233.361,11,Valtteri,Bottas,Sauber
26334,26340,1123,855,15,24,19,15,15,15,0,57,\N,\N,49,14,1:21.327,233.634,11,Guanyu,Zhou,Sauber
26335,26341,1123,839,214,31,15,16,16,16,0,57,\N,\N,45,15,1:21.354,233.557,11,Esteban,Ocon,Alpine F1 Team
26336,26342,1123,847,131,63,7,17,17,17,0,56,\N,\N,53,5,1:20.284,236.669,3,George,Russell,Mercedes
26337,26343,1123,1,131,44,11,\N,R,18,0,15,\N,\N,11,18,1:22.444,230.469,5,Lewis,Hamilton,Mercedes
26338,26344,1123,830,9,1,1,\N,R,19,0,3,\N,\N,3,19,1:23.115,228.608,23,Max,Verstappen,Red Bull
26339,26345,1124,830,9,1,1,1,1,1,26,53,1:54:23.566,6863566,50,1,1:33.706,223.093,1,Max,Verstappen,Red Bull
26340,26346,1124,815,9,11,2,2,2,2,18,53,+12.535,6876101,35,3,1:33.945,222.525,1,Sergio,Pérez,Red Bull
26341,26347,1124,832,6,55,4,3,3,3,15,53,+20.866,6884432,46,2,1:33.841,222.772,1,Carlos,Sainz,Ferrari
26342,26348,1124,844,6,16,8,4,4,4,12,53,+26.522,6890088,53,9,1:35.044,219.952,1,Charles,Leclerc,Ferrari
26343,26349,1124,846,1,4,3,5,5,5,10,53,+29.700,6893266,1,10,1:35.186,219.624,1,Lando,Norris,McLaren
26344,26350,1124,4,117,14,5,6,6,6,8,53,+44.272,6907838,53,6,1:34.726,220.691,1,Fernando,Alonso,Aston Martin
26345,26351,1124,847,131,63,9,7,7,7,6,53,+45.951,6909517,39,5,1:34.404,221.444,1,George,Russell,Mercedes
26346,26352,1124,857,1,81,6,8,8,8,4,53,+47.525,6911091,1,7,1:34.802,220.514,1,Oscar,Piastri,McLaren
26347,26353,1124,1,131,44,7,9,9,9,2,53,+48.626,6912192,41,4,1:33.952,222.509,1,Lewis,Hamilton,Mercedes
26348,26354,1124,852,215,22,10,10,10,10,1,52,\N,\N,51,14,1:36.342,216.989,11,Yuki,Tsunoda,RB F1 Team
26349,26355,1124,807,210,27,12,11,11,11,0,52,\N,\N,52,11,1:35.325,219.304,11,Nico,Hülkenberg,Haas F1 Team
26350,26356,1124,840,117,18,16,12,12,12,0,52,\N,\N,41,12,1:35.798,218.221,11,Lance,Stroll,Aston Martin
26351,26357,1124,825,210,20,18,13,13,13,0,52,\N,\N,24,17,1:36.654,216.289,11,Kevin,Magnussen,Haas F1 Team
26352,26358,1124,822,15,77,13,14,14,14,0,52,\N,\N,25,15,1:36.608,216.392,11,Valtteri,Bottas,Sauber
26353,26359,1124,839,214,31,15,15,15,15,0,52,\N,\N,52,13,1:36.232,217.237,11,Esteban,Ocon,Alpine F1 Team
26354,26360,1124,842,214,10,17,16,16,16,0,52,\N,\N,48,16,1:36.642,216.315,11,Pierre,Gasly,Alpine F1 Team
26355,26361,1124,858,3,2,19,17,17,17,0,52,\N,\N,43,8,1:34.900,220.286,11,Logan,Sargeant,Williams
26356,26362,1124,855,15,24,20,\N,R,18,0,12,\N,\N,9,18,1:37.160,215.162,6,Guanyu,Zhou,Sauber
26357,26363,1124,817,215,3,11,\N,R,19,0,0,\N,\N,\N,0,\N,\N,3,Daniel,Ricciardo,RB F1 Team
26358,26364,1124,848,3,23,14,\N,R,20,0,0,\N,\N,\N,0,\N,\N,3,Alexander,Albon,Williams
26359,26365,1125,830,9,1,1,1,1,1,25,56,1:40:52.554,6052554,33,2,1:38.406,199.414,1,Max,Verstappen,Red Bull
26360,26366,1125,846,1,4,4,2,2,2,18,56,+13.773,6066327,1,4,1:38.751,198.717,1,Lando,Norris,McLaren
26361,26367,1125,815,9,11,2,3,3,3,15,56,+19.160,6071714,33,7,1:39.388,197.444,1,Sergio,Pérez,Red Bull
26362,26368,1125,844,6,16,6,4,4,4,12,56,+23.623,6076177,33,6,1:39.384,197.452,1,Charles,Leclerc,Ferrari
26363,26369,1125,832,6,55,7,5,5,5,10,56,+33.983,6086537,19,10,1:39.764,196.700,1,Carlos,Sainz,Ferrari
26364,26370,1125,847,131,63,8,6,6,6,8,56,+38.724,6091278,39,11,1:40.112,196.016,1,George,Russell,Mercedes
26365,26371,1125,4,117,14,3,7,7,7,7,56,+43.414,6095968,45,1,1:37.810,200.629,1,Fernando,Alonso,Aston Martin
26366,26372,1125,857,1,81,5,8,8,8,4,56,+56.198,6108752,1,9,1:39.739,196.749,1,Oscar,Piastri,McLaren
26367,26373,1125,1,131,44,18,9,9,9,2,56,+57.986,6110540,34,14,1:40.835,194.610,1,Lewis,Hamilton,Mercedes
26368,26374,1125,807,210,27,9,10,10,10,1,56,+1:00.476,6113030,32,13,1:40.815,194.649,1,Nico,Hülkenberg,Haas F1 Team
26369,26375,1125,839,214,31,13,11,11,11,0,56,+1:02.812,6115366,33,15,1:40.937,194.414,1,Esteban,Ocon,Alpine F1 Team
26370,26376,1125,848,3,23,14,12,12,12,0,56,+1:05.506,6118060,34,12,1:40.790,194.697,1,Alexander,Albon,Williams
26371,26377,1125,842,214,10,15,13,13,13,0,56,+1:09.223,6121777,40,5,1:39.198,197.822,1,Pierre,Gasly,Alpine F1 Team
26372,26378,1125,855,15,24,16,14,14,14,0,56,+1:11.689,6124243,42,3,1:38.633,198.955,1,Guanyu,Zhou,Sauber
26373,26379,1125,840,117,18,11,15,15,15,0,56,+1:22.786,6135340,37,8,1:39.444,197.333,1,Lance,Stroll,Aston Martin
26374,26380,1125,825,210,20,17,16,16,16,0,56,+1:27.533,6140087,45,18,1:41.077,194.145,1,Kevin,Magnussen,Haas F1 Team
26375,26381,1125,858,3,2,20,17,17,17,0,56,+1:35.110,6147664,14,17,1:41.000,194.293,1,Logan,Sargeant,Williams
26376,26382,1125,817,215,3,12,\N,R,18,0,33,\N,\N,16,16,1:40.994,194.304,31,Daniel,Ricciardo,RB F1 Team
26377,26383,1125,852,215,22,19,\N,R,19,0,26,\N,\N,11,20,1:41.593,193.158,31,Yuki,Tsunoda,RB F1 Team
26378,26384,1125,822,15,77,10,\N,R,20,0,19,\N,\N,11,19,1:41.276,193.763,31,Valtteri,Bottas,Sauber
26379,26385,1126,846,1,4,5,1,1,1,25,57,1:30:49.876,5449876,55,5,1:30.980,214.148,1,Lando,Norris,McLaren
26380,26386,1126,830,9,1,1,2,2,2,18,57,+7.612,5457488,48,8,1:31.261,213.488,1,Max,Verstappen,Red Bull
26381,26387,1126,844,6,16,2,3,3,3,15,57,+9.920,5459796,56,6,1:31.084,213.903,1,Charles,Leclerc,Ferrari
26382,26388,1126,815,9,11,4,4,4,4,12,57,+14.650,5464526,55,3,1:30.855,214.442,1,Sergio,Pérez,Red Bull
26383,26389,1126,832,6,55,3,5,5,5,10,57,+16.407,5466283,55,4,1:30.928,214.270,1,Carlos,Sainz,Ferrari
26384,26390,1126,1,131,44,8,6,6,6,8,57,+16.585,5466461,54,7,1:31.233,213.554,1,Lewis,Hamilton,Mercedes
26385,26391,1126,852,215,22,10,7,7,7,6,57,+26.185,5476061,55,10,1:31.682,212.508,1,Yuki,Tsunoda,RB F1 Team
26386,26392,1126,847,131,63,7,8,8,8,4,57,+34.789,5484665,43,13,1:31.921,211.955,1,George,Russell,Mercedes
26387,26393,1126,4,117,14,15,9,9,9,2,57,+37.107,5486983,55,11,1:31.727,212.404,1,Fernando,Alonso,Aston Martin
26388,26394,1126,839,214,31,13,10,10,10,1,57,+39.746,5489622,51,16,1:32.037,211.688,1,Esteban,Ocon,Alpine F1 Team
26389,26395,1126,807,210,27,9,11,11,11,0,57,+40.789,5490665,56,14,1:31.941,211.909,1,Nico,Hülkenberg,Haas F1 Team
26390,26396,1126,842,214,10,12,12,12,12,0,57,+44.958,5494834,56,17,1:32.055,211.647,1,Pierre,Gasly,Alpine F1 Team
26391,26397,1126,857,1,81,6,13,13,13,0,57,+49.756,5499632,43,1,1:30.634,214.965,1,Oscar,Piastri,McLaren
26392,26398,1126,855,15,24,19,14,14,14,0,57,+49.979,5499855,56,15,1:31.991,211.794,1,Guanyu,Zhou,Sauber
26393,26399,1126,817,215,3,20,15,15,15,0,57,+50.956,5500832,57,19,1:32.122,211.493,1,Daniel,Ricciardo,RB F1 Team
26394,26400,1126,822,15,77,16,16,16,16,0,57,+52.356,5502232,55,18,1:32.098,211.548,1,Valtteri,Bottas,Sauber
26395,26401,1126,840,117,18,11,17,17,17,0,57,+55.173,5505049,57,9,1:31.588,212.726,1,Lance,Stroll,Aston Martin
26396,26402,1126,848,3,23,14,18,18,18,0,57,+1:16.091,5525967,55,2,1:30.849,214.456,1,Alexander,Albon,Williams
26397,26403,1126,825,210,20,18,19,19,19,0,57,+1:24.683,5534559,33,12,1:31.774,212.295,1,Kevin,Magnussen,Haas F1 Team
26398,26404,1126,858,3,2,17,\N,R,20,0,27,\N,\N,15,20,1:33.452,208.483,4,Logan,Sargeant,Williams
26399,26405,1127,830,9,1,1,1,1,1,25,63,1:25:25.252,5125252,38,9,1:20.366,219.898,1,Max,Verstappen,Red Bull
26400,26406,1127,846,1,4,2,2,2,2,18,63,+0.725,5125977,54,6,1:19.994,220.921,1,Lando,Norris,McLaren
26401,26407,1127,844,6,16,3,3,3,3,15,63,+7.916,5133168,27,5,1:19.935,221.084,1,Charles,Leclerc,Ferrari
26402,26408,1127,857,1,81,5,4,4,4,12,63,+14.132,5139384,25,4,1:19.907,221.162,1,Oscar,Piastri,McLaren
26403,26409,1127,832,6,55,4,5,5,5,10,63,+22.325,5147577,63,7,1:20.220,220.299,1,Carlos,Sainz,Ferrari
26404,26410,1127,1,131,44,8,6,6,6,8,63,+35.104,5160356,43,8,1:20.331,219.994,1,Lewis,Hamilton,Mercedes
26405,26411,1127,847,131,63,6,7,7,7,7,63,+47.154,5172406,54,1,1:18.589,224.871,1,George,Russell,Mercedes
26406,26412,1127,815,9,11,11,8,8,8,4,63,+54.776,5180028,52,3,1:19.686,221.775,1,Sergio,Pérez,Red Bull
26407,26413,1127,840,117,18,13,9,9,9,2,63,+1:19.556,5204808,58,10,1:20.570,219.342,1,Lance,Stroll,Aston Martin
26408,26414,1127,852,215,22,7,10,10,10,1,62,\N,\N,14,11,1:20.936,218.350,11,Yuki,Tsunoda,RB F1 Team
26409,26415,1127,807,210,27,10,11,11,11,0,62,\N,\N,3,20,1:21.700,216.308,11,Nico,Hülkenberg,Haas F1 Team
26410,26416,1127,825,210,20,18,12,12,12,0,62,\N,\N,58,12,1:21.009,218.153,11,Kevin,Magnussen,Haas F1 Team
26411,26417,1127,817,215,3,9,13,13,13,0,62,\N,\N,13,19,1:21.569,216.655,11,Daniel,Ricciardo,RB F1 Team
26412,26418,1127,839,214,31,12,14,14,14,0,62,\N,\N,37,16,1:21.304,217.361,11,Esteban,Ocon,Alpine F1 Team
26413,26419,1127,855,15,24,17,15,15,15,0,62,\N,\N,37,13,1:21.016,218.134,11,Guanyu,Zhou,Sauber
26414,26420,1127,842,214,10,15,16,16,16,0,62,\N,\N,10,17,1:21.371,217.183,11,Pierre,Gasly,Alpine F1 Team
26415,26421,1127,858,3,2,19,17,17,17,0,62,\N,\N,55,14,1:21.229,217.562,11,Logan,Sargeant,Williams
26416,26422,1127,822,15,77,16,18,18,18,0,62,\N,\N,11,18,1:21.455,216.959,11,Valtteri,Bottas,Sauber
26417,26423,1127,4,117,14,20,19,19,19,0,62,\N,\N,62,2,1:19.004,223.689,11,Fernando,Alonso,Aston Martin
26418,26424,1127,848,3,23,14,\N,R,20,0,51,\N,\N,48,15,1:21.274,217.442,31,Alexander,Albon,Williams
26419,26425,1128,844,6,16,1,1,1,1,25,78,2:23:15.554,8595554,\N,0,\N,\N,1,Charles,Leclerc,Ferrari
26420,26426,1128,857,1,81,2,2,2,2,18,78,+7.152,8602706,\N,0,\N,\N,1,Oscar,Piastri,McLaren
26421,26427,1128,832,6,55,3,3,3,3,15,78,+7.585,8603139,\N,0,\N,\N,1,Carlos,Sainz,Ferrari
26422,26428,1128,846,1,4,4,4,4,4,12,78,+8.650,8604204,\N,0,\N,\N,1,Lando,Norris,McLaren
26423,26429,1128,847,131,63,5,5,5,5,10,78,+13.309,8608863,\N,0,\N,\N,1,George,Russell,Mercedes
26424,26430,1128,830,9,1,6,6,6,6,8,78,+13.853,8609407,\N,0,\N,\N,1,Max,Verstappen,Red Bull
26425,26431,1128,1,131,44,7,7,7,7,7,78,+14.908,8610462,\N,0,\N,\N,1,Lewis,Hamilton,Mercedes
26426,26432,1128,852,215,22,8,8,8,8,4,77,\N,\N,\N,0,\N,\N,11,Yuki,Tsunoda,RB F1 Team
26427,26433,1128,848,3,23,9,9,9,9,2,77,\N,\N,\N,0,\N,\N,11,Alexander,Albon,Williams
26428,26434,1128,842,214,10,10,10,10,10,1,77,\N,\N,\N,0,\N,\N,11,Pierre,Gasly,Alpine F1 Team
26429,26435,1128,4,117,14,14,11,11,11,0,76,\N,\N,\N,0,\N,\N,12,Fernando,Alonso,Aston Martin
26430,26436,1128,817,215,3,12,12,12,12,0,76,\N,\N,\N,0,\N,\N,12,Daniel,Ricciardo,RB F1 Team
26431,26437,1128,822,15,77,17,13,13,13,0,76,\N,\N,\N,0,\N,\N,12,Valtteri,Bottas,Sauber
26432,26438,1128,840,117,18,13,14,14,14,0,76,\N,\N,\N,0,\N,\N,12,Lance,Stroll,Aston Martin
26433,26439,1128,858,3,2,15,15,15,15,0,76,\N,\N,\N,0,\N,\N,12,Logan,Sargeant,Williams
26434,26440,1128,855,15,24,18,16,16,16,0,76,\N,\N,\N,0,\N,\N,12,Guanyu,Zhou,Sauber
26435,26441,1128,839,214,31,11,\N,R,17,0,0,\N,\N,\N,0,\N,\N,4,Esteban,Ocon,Alpine F1 Team
26436,26442,1128,815,9,11,16,\N,R,18,0,0,\N,\N,\N,0,\N,\N,4,Sergio,Pérez,Red Bull
26437,26443,1128,807,210,27,19,\N,R,19,0,0,\N,\N,\N,0,\N,\N,4,Nico,Hülkenberg,Haas F1 Team
26438,26444,1128,825,210,20,20,\N,R,20,0,0,\N,\N,\N,0,\N,\N,4,Kevin,Magnussen,Haas F1 Team
26439,26445,1129,830,9,1,2,1,1,1,25,70,1:45:47.927,6347927,70,4,1:15.569,207.751,1,Max,Verstappen,Red Bull
26440,26446,1129,846,1,4,3,2,2,2,18,70,+3.879,6351806,67,3,1:15.558,207.782,1,Lando,Norris,McLaren
26441,26447,1129,847,131,63,1,3,3,3,15,70,+4.317,6352244,70,2,1:14.895,209.621,1,George,Russell,Mercedes
26442,26448,1129,1,131,44,7,4,4,4,13,70,+4.915,6352842,70,1,1:14.856,209.730,1,Lewis,Hamilton,Mercedes
26443,26449,1129,857,1,81,4,5,5,5,10,70,+10.199,6358126,65,5,1:16.247,205.904,1,Oscar,Piastri,McLaren
26444,26450,1129,4,117,14,6,6,6,6,8,70,+17.510,6365437,70,6,1:16.303,205.753,1,Fernando,Alonso,Aston Martin
26445,26451,1129,840,117,18,9,7,7,7,6,70,+23.625,6371552,70,9,1:16.762,204.523,1,Lance,Stroll,Aston Martin
26446,26452,1129,817,215,3,5,8,8,8,4,70,+28.672,6376599,68,12,1:17.076,203.689,1,Daniel,Ricciardo,RB F1 Team
26447,26453,1129,842,214,10,15,9,9,9,2,70,+30.021,6377948,70,11,1:17.013,203.856,1,Pierre,Gasly,Alpine F1 Team
26448,26454,1129,839,214,31,18,10,10,10,1,70,+30.313,6378240,70,10,1:17.012,203.859,1,Esteban,Ocon,Alpine F1 Team
26449,26455,1129,807,210,27,17,11,11,11,0,70,+30.824,6378751,67,8,1:16.683,204.733,1,Nico,Hülkenberg,Haas F1 Team
26450,26456,1129,825,210,20,14,12,12,12,0,70,+31.253,6379180,68,7,1:16.499,205.226,1,Kevin,Magnussen,Haas F1 Team
26451,26457,1129,822,15,77,0,13,13,13,0,70,+40.487,6388414,65,13,1:17.250,203.231,1,Valtteri,Bottas,Sauber
26452,26458,1129,852,215,22,8,14,14,14,0,70,+52.694,6400621,70,14,1:17.309,203.075,1,Yuki,Tsunoda,RB F1 Team
26453,26459,1129,855,15,24,0,15,15,15,0,69,\N,\N,68,15,1:17.325,203.033,11,Guanyu,Zhou,Sauber
26454,26460,1129,832,6,55,12,\N,R,16,0,52,\N,\N,51,17,1:18.957,198.837,4,Carlos,Sainz,Ferrari
26455,26461,1129,848,3,23,10,\N,R,17,0,52,\N,\N,51,18,1:19.359,197.830,4,Alexander,Albon,Williams
26456,26462,1129,815,9,11,16,\N,R,18,0,51,\N,\N,51,16,1:18.819,199.185,3,Sergio,Pérez,Red Bull
26457,26463,1129,844,6,16,11,\N,R,19,0,40,\N,\N,39,19,1:26.012,182.528,5,Charles,Leclerc,Ferrari
26458,26464,1129,858,3,2,13,\N,R,20,0,23,\N,\N,19,20,1:26.484,181.531,3,Logan,Sargeant,Williams
26459,26465,1130,830,9,1,2,1,1,1,25,66,1:28:20.227,5300227,54,2,1:17.776,215.557,1,Max,Verstappen,Red Bull
26460,26466,1130,846,1,4,1,2,2,2,19,66,+2.219,5302446,51,1,1:17.115,217.405,1,Lando,Norris,McLaren
26461,26467,1130,1,131,44,3,3,3,3,15,66,+17.790,5318017,46,4,1:17.809,215.466,1,Lewis,Hamilton,Mercedes
26462,26468,1130,847,131,63,4,4,4,4,12,66,+22.320,5322547,50,7,1:18.290,214.142,1,George,Russell,Mercedes
26463,26469,1130,844,6,16,5,5,5,5,10,66,+22.709,5322936,52,6,1:17.897,215.222,1,Charles,Leclerc,Ferrari
26464,26470,1130,832,6,55,6,6,6,6,8,66,+31.028,5331255,39,9,1:18.539,213.463,1,Carlos,Sainz,Ferrari
26465,26471,1130,857,1,81,9,7,7,7,6,66,+33.760,5333987,56,5,1:17.874,215.286,1,Oscar,Piastri,McLaren
26466,26472,1130,815,9,11,11,8,8,8,4,66,+59.524,5359751,51,3,1:17.785,215.532,1,Sergio,Pérez,Red Bull
26467,26473,1130,842,214,10,7,9,9,9,2,66,+1:02.025,5362252,51,13,1:19.045,212.096,1,Pierre,Gasly,Alpine F1 Team
26468,26474,1130,839,214,31,8,10,10,10,1,66,+1:11.889,5372116,54,12,1:18.982,212.266,1,Esteban,Ocon,Alpine F1 Team
26469,26475,1130,807,210,27,13,11,11,11,0,66,+1:19.215,5379442,49,10,1:18.609,213.273,1,Nico,Hülkenberg,Haas F1 Team
26470,26476,1130,4,117,14,10,12,12,12,0,65,\N,\N,50,8,1:18.334,214.022,11,Fernando,Alonso,Aston Martin
26471,26477,1130,855,15,24,15,13,13,13,0,65,\N,\N,50,11,1:18.771,212.834,11,Guanyu,Zhou,Sauber
26472,26478,1130,840,117,18,14,14,14,14,0,65,\N,\N,50,15,1:19.318,211.366,11,Lance,Stroll,Aston Martin
26473,26479,1130,817,215,3,18,15,15,15,0,65,\N,\N,61,17,1:19.450,211.015,11,Daniel,Ricciardo,RB F1 Team
26474,26480,1130,822,15,77,12,16,16,16,0,65,\N,\N,13,18,1:19.608,210.596,11,Valtteri,Bottas,Sauber
26475,26481,1130,825,210,20,16,17,17,17,0,65,\N,\N,33,19,1:19.805,210.077,11,Kevin,Magnussen,Haas F1 Team
26476,26482,1130,848,3,23,0,18,18,18,0,65,\N,\N,45,14,1:19.132,211.863,11,Alexander,Albon,Williams
26477,26483,1130,852,215,22,17,19,19,19,0,65,\N,\N,56,16,1:19.447,211.023,11,Yuki,Tsunoda,RB F1 Team
26478,26484,1130,858,3,2,19,20,20,20,0,64,\N,\N,38,20,1:20.172,209.115,12,Logan,Sargeant,Williams
26479,26485,1131,847,131,63,3,1,1,1,25,71,1:24:22.798,5062798,48,5,1:09.164,224.752,1,George,Russell,Mercedes
26480,26486,1131,857,1,81,7,2,2,2,18,71,+1.906,5064704,56,4,1:08.697,226.280,1,Oscar,Piastri,McLaren
26481,26487,1131,832,6,55,4,3,3,3,15,71,+4.533,5067331,56,6,1:09.282,224.369,1,Carlos,Sainz,Ferrari
26482,26488,1131,1,131,44,5,4,4,4,12,71,+23.142,5085940,61,7,1:09.562,223.466,1,Lewis,Hamilton,Mercedes
26483,26489,1131,830,9,1,1,5,5,5,10,71,+37.253,5100051,68,2,1:07.719,229.548,1,Max,Verstappen,Red Bull
26484,26490,1131,807,210,27,9,6,6,6,8,71,+54.088,5116886,51,14,1:10.215,221.388,1,Nico,Hülkenberg,Haas F1 Team
26485,26491,1131,815,9,11,8,7,7,7,6,71,+54.672,5117470,56,11,1:09.694,223.043,1,Sergio,Pérez,Red Bull
26486,26492,1131,825,210,20,12,8,8,8,4,71,+1:00.355,5123153,45,12,1:10.125,221.672,1,Kevin,Magnussen,Haas F1 Team
26487,26493,1131,817,215,3,11,9,9,9,2,71,+1:01.169,5123967,49,18,1:10.426,220.725,1,Daniel,Ricciardo,RB F1 Team
26488,26494,1131,842,214,10,13,10,10,10,1,71,+1:01.766,5124564,45,9,1:09.609,223.315,1,Pierre,Gasly,Alpine F1 Team
26489,26495,1131,844,6,16,6,11,11,11,0,71,+1:07.056,5129854,55,8,1:09.584,223.396,1,Charles,Leclerc,Ferrari
26490,26496,1131,839,214,31,10,12,12,12,0,71,+1:08.325,5131123,45,10,1:09.649,223.187,1,Esteban,Ocon,Alpine F1 Team
26491,26497,1131,840,117,18,17,13,13,13,0,70,\N,\N,54,13,1:10.143,221.615,11,Lance,Stroll,Aston Martin
26492,26498,1131,852,215,22,14,14,14,14,0,70,\N,\N,54,15,1:10.318,221.064,11,Yuki,Tsunoda,RB F1 Team
26493,26499,1131,848,3,23,16,15,15,15,0,70,\N,\N,41,16,1:10.364,220.919,11,Alexander,Albon,Williams
26494,26500,1131,822,15,77,18,16,16,16,0,70,\N,\N,48,19,1:10.449,220.653,11,Valtteri,Bottas,Sauber
26495,26501,1131,855,15,24,20,17,17,17,0,70,\N,\N,54,20,1:10.470,220.587,11,Guanyu,Zhou,Sauber
26496,26502,1131,4,117,14,15,18,18,18,0,70,\N,\N,70,1,1:07.694,229.633,11,Fernando,Alonso,Aston Martin
26497,26503,1131,858,3,2,19,19,19,19,0,69,\N,\N,60,17,1:10.406,220.788,12,Logan,Sargeant,Williams
26498,26504,1131,846,1,4,2,20,20,20,0,64,\N,\N,53,3,1:08.016,228.546,17,Lando,Norris,McLaren
26499,26505,1132,1,131,44,2,1,1,1,25,52,1:22:27.059,4947059,45,5,1:29.438,237.120,1,Lewis,Hamilton,Mercedes
26500,26506,1132,830,9,1,4,2,2,2,18,52,+1.465,4948524,48,3,1:28.952,238.416,1,Max,Verstappen,Red Bull
26501,26507,1132,846,1,4,3,3,3,3,15,52,+7.547,4954606,43,4,1:29.262,237.588,1,Lando,Norris,McLaren
26502,26508,1132,857,1,81,5,4,4,4,12,52,+12.429,4959488,51,2,1:28.748,238.964,1,Oscar,Piastri,McLaren
26503,26509,1132,832,6,55,7,5,5,5,11,52,+47.318,4994377,52,1,1:28.293,240.195,1,Carlos,Sainz,Ferrari
26504,26510,1132,807,210,27,6,6,6,6,8,52,+55.722,5002781,43,10,1:29.836,236.070,1,Nico,Hülkenberg,Haas F1 Team
26505,26511,1132,840,117,18,8,7,7,7,6,52,+56.569,5003628,46,11,1:29.897,235.909,1,Lance,Stroll,Aston Martin
26506,26512,1132,4,117,14,10,8,8,8,4,52,+1:03.577,5010636,47,7,1:29.710,236.401,1,Fernando,Alonso,Aston Martin
26507,26513,1132,848,3,23,9,9,9,9,2,52,+1:08.387,5015446,52,8,1:29.718,236.380,1,Alexander,Albon,Williams
26508,26514,1132,852,215,22,13,10,10,10,1,52,+1:19.303,5026362,43,14,1:30.229,235.041,1,Yuki,Tsunoda,RB F1 Team
26509,26515,1132,858,3,2,12,11,11,11,0,52,+1:28.960,5036019,42,12,1:29.972,235.713,1,Logan,Sargeant,Williams
26510,26516,1132,825,210,20,17,12,12,12,0,52,+1:30.153,5037212,42,13,1:30.093,235.396,1,Kevin,Magnussen,Haas F1 Team
26511,26517,1132,817,215,3,15,13,13,13,0,51,\N,\N,47,15,1:30.735,233.731,11,Daniel,Ricciardo,RB F1 Team
26512,26518,1132,844,6,16,11,14,14,14,0,51,\N,\N,43,9,1:29.748,236.301,11,Charles,Leclerc,Ferrari
26513,26519,1132,822,15,77,16,15,15,15,0,51,\N,\N,44,18,1:31.277,232.343,11,Valtteri,Bottas,Sauber
26514,26520,1132,839,214,31,18,16,16,16,0,50,\N,\N,46,16,1:30.875,233.371,12,Esteban,Ocon,Alpine F1 Team
26515,26521,1132,815,9,11,0,17,17,17,0,50,\N,\N,50,6,1:29.707,236.409,12,Sergio,Pérez,Red Bull
26516,26522,1132,855,15,24,14,18,18,18,0,50,\N,\N,43,17,1:31.014,233.014,12,Guanyu,Zhou,Sauber
26517,26523,1132,847,131,63,1,\N,R,19,0,33,\N,\N,3,19,1:31.298,232.289,34,George,Russell,Mercedes
26518,26524,1132,842,214,10,19,\N,W,20,0,0,\N,\N,\N,0,\N,\N,6,Pierre,Gasly,Alpine F1 Team
